catalog_id,source_rule_id,rule_type,effect,pay_in_pct,applies_on,insurer,category,sub_segment,make,model,match,cc_min,cc_max,policy_type,geo_kind,geo_label,canonical_state,rto_code,age_min,age_max,reason,source_sheet,source_cell,source_text,confidence,review_status,reviewer,reviewed_ts,edited
SBI-TW-0001-COMP,SBI-TW-0001,RATE,RATE,35,NET,SBI_GENERAL,TW,SCOOTER,,,,0,150,COMP,STATE_OR_CITY,Kolkata,WEST BENGAL,,,,,"PCV, MISD & TW",AD13,Scooter upto 150 cc (Comp & SAOD),1.0,CONFIRMED,console,2026-06-04T19:57:10,yes
SBI-TW-0001-SAOD,SBI-TW-0001,RATE,RATE,35,NET,SBI_GENERAL,TW,SCOOTER,,,,0,150,SAOD,STATE_OR_CITY,Kolkata,WEST BENGAL,,,,,"PCV, MISD & TW",AD13,Scooter upto 150 cc (Comp & SAOD),1.0,CONFIRMED,console,2026-06-04T19:57:11,yes
SBI-TW-0002-COMP,SBI-TW-0002,RATE,RATE,23.5,NET,SBI_GENERAL,TW,BIKE,,,,0,125,COMP,STATE_OR_CITY,Kolkata,WEST BENGAL,,,,,"PCV, MISD & TW",AE13,Bike upto 125 cc,1.0,CONFIRMED,console,2026-06-04T19:57:15,
SBI-TW-0002-SAOD,SBI-TW-0002,RATE,RATE,23.5,NET,SBI_GENERAL,TW,BIKE,,,,0,125,SAOD,STATE_OR_CITY,Kolkata,WEST BENGAL,,,,,"PCV, MISD & TW",AE13,Bike upto 125 cc,1.0,CONFIRMED,console,2026-06-04T19:57:18,
SBI-TW-0003-COMP,SBI-TW-0003,RATE,RATE,35,NET,SBI_GENERAL,TW,SCOOTER,,,,0,150,COMP,REGION,Rest of West Bengal,WEST BENGAL,,,,,"PCV, MISD & TW",AD14,Scooter upto 150 cc (Comp & SAOD),1.0,CONFIRMED,console,2026-06-04T19:57:20,yes
SBI-TW-0003-SAOD,SBI-TW-0003,RATE,RATE,35,NET,SBI_GENERAL,TW,SCOOTER,,,,0,150,SAOD,REGION,Rest of West Bengal,WEST BENGAL,,,,,"PCV, MISD & TW",AD14,Scooter upto 150 cc (Comp & SAOD),1.0,CONFIRMED,console,2026-06-04T19:57:21,yes
SBI-TW-0004-COMP,SBI-TW-0004,RATE,RATE,23.5,NET,SBI_GENERAL,TW,BIKE,,,,0,125,COMP,REGION,Rest of West Bengal,WEST BENGAL,,,,,"PCV, MISD & TW",AE14,Bike upto 125 cc,1.0,CONFIRMED,console,2026-06-04T19:57:25,
SBI-TW-0004-SAOD,SBI-TW-0004,RATE,RATE,23.5,NET,SBI_GENERAL,TW,BIKE,,,,0,125,SAOD,REGION,Rest of West Bengal,WEST BENGAL,,,,,"PCV, MISD & TW",AE14,Bike upto 125 cc,1.0,CONFIRMED,console,2026-06-04T19:57:26,
SBI-TW-0005-COMP,SBI-TW-0005,RATE,RATE,35,NET,SBI_GENERAL,TW,SCOOTER,,,,0,150,COMP,STATE_OR_CITY,BIHAR,BIHAR,,,,,"PCV, MISD & TW",AD15,Scooter upto 150 cc (Comp & SAOD),1.0,CONFIRMED,console,2026-06-04T19:57:27,yes
SBI-TW-0005-SAOD,SBI-TW-0005,RATE,RATE,35,NET,SBI_GENERAL,TW,SCOOTER,,,,0,150,SAOD,STATE_OR_CITY,BIHAR,BIHAR,,,,,"PCV, MISD & TW",AD15,Scooter upto 150 cc (Comp & SAOD),1.0,CONFIRMED,console,2026-06-04T19:57:28,yes
SBI-TW-0006-COMP,SBI-TW-0006,RATE,RATE,23.5,NET,SBI_GENERAL,TW,BIKE,,,,0,125,COMP,STATE_OR_CITY,BIHAR,BIHAR,,,,,"PCV, MISD & TW",AE15,Bike upto 125 cc,1.0,CONFIRMED,console,2026-06-04T19:57:30,
SBI-TW-0006-SAOD,SBI-TW-0006,RATE,RATE,23.5,NET,SBI_GENERAL,TW,BIKE,,,,0,125,SAOD,STATE_OR_CITY,BIHAR,BIHAR,,,,,"PCV, MISD & TW",AE15,Bike upto 125 cc,1.0,CONFIRMED,console,2026-06-04T19:57:32,
SBI-TW-0007-COMP,SBI-TW-0007,RATE,RATE,35,NET,SBI_GENERAL,TW,SCOOTER,,,,0,150,COMP,STATE_OR_CITY,JHARKHAND,JHARKHAND,,,,,"PCV, MISD & TW",AD16,Scooter upto 150 cc (Comp & SAOD),1.0,CONFIRMED,console,2026-06-04T19:57:33,yes
SBI-TW-0007-SAOD,SBI-TW-0007,RATE,RATE,35,NET,SBI_GENERAL,TW,SCOOTER,,,,0,150,SAOD,STATE_OR_CITY,JHARKHAND,JHARKHAND,,,,,"PCV, MISD & TW",AD16,Scooter upto 150 cc (Comp & SAOD),1.0,CONFIRMED,console,2026-06-04T19:57:34,yes
SBI-TW-0008-COMP,SBI-TW-0008,RATE,RATE,23.5,NET,SBI_GENERAL,TW,BIKE,,,,0,125,COMP,STATE_OR_CITY,JHARKHAND,JHARKHAND,,,,,"PCV, MISD & TW",AE16,Bike upto 125 cc,1.0,PENDING,,,
SBI-TW-0008-SAOD,SBI-TW-0008,RATE,RATE,23.5,NET,SBI_GENERAL,TW,BIKE,,,,0,125,SAOD,STATE_OR_CITY,JHARKHAND,JHARKHAND,,,,,"PCV, MISD & TW",AE16,Bike upto 125 cc,1.0,PENDING,,,
SBI-TW-0009-COMP,SBI-TW-0009,RATE,RATE,35.0,NET,SBI_GENERAL,TW,SCOOTER,,,,0,150,COMP,STATE_OR_CITY,ODISHA,ORISSA,,,,,"PCV, MISD & TW",AD17,Scooter upto 150 cc (Comp & SAOD),1.0,PENDING,,,
SBI-TW-0009-SAOD,SBI-TW-0009,RATE,RATE,35.0,NET,SBI_GENERAL,TW,SCOOTER,,,,0,150,SAOD,STATE_OR_CITY,ODISHA,ORISSA,,,,,"PCV, MISD & TW",AD17,Scooter upto 150 cc (Comp & SAOD),1.0,PENDING,,,
SBI-TW-0010-COMP,SBI-TW-0010,RATE,RATE,23.5,NET,SBI_GENERAL,TW,BIKE,,,,0,125,COMP,STATE_OR_CITY,ODISHA,ORISSA,,,,,"PCV, MISD & TW",AE17,Bike upto 125 cc,1.0,PENDING,,,
SBI-TW-0010-SAOD,SBI-TW-0010,RATE,RATE,23.5,NET,SBI_GENERAL,TW,BIKE,,,,0,125,SAOD,STATE_OR_CITY,ODISHA,ORISSA,,,,,"PCV, MISD & TW",AE17,Bike upto 125 cc,1.0,PENDING,,,
SBI-TW-0011-COMP,SBI-TW-0011,RATE,RATE,35.0,NET,SBI_GENERAL,TW,SCOOTER,,,,0,150,COMP,STATE_OR_CITY,DELHI,DELHI,,,,,"PCV, MISD & TW",AD18,Scooter upto 150 cc (Comp & SAOD),1.0,PENDING,,,
SBI-TW-0011-SAOD,SBI-TW-0011,RATE,RATE,35.0,NET,SBI_GENERAL,TW,SCOOTER,,,,0,150,SAOD,STATE_OR_CITY,DELHI,DELHI,,,,,"PCV, MISD & TW",AD18,Scooter upto 150 cc (Comp & SAOD),1.0,PENDING,,,
SBI-TW-0012-COMP,SBI-TW-0012,RATE,RATE,23.5,NET,SBI_GENERAL,TW,BIKE,,,,0,125,COMP,STATE_OR_CITY,DELHI,DELHI,,,,,"PCV, MISD & TW",AE18,Bike upto 125 cc,1.0,PENDING,,,
SBI-TW-0012-SAOD,SBI-TW-0012,RATE,RATE,23.5,NET,SBI_GENERAL,TW,BIKE,,,,0,125,SAOD,STATE_OR_CITY,DELHI,DELHI,,,,,"PCV, MISD & TW",AE18,Bike upto 125 cc,1.0,PENDING,,,
SBI-TW-0013-COMP,SBI-TW-0013,RATE,RATE,35.0,NET,SBI_GENERAL,TW,SCOOTER,,,,0,150,COMP,STATE_OR_CITY,NCR,DELHI,,,,,"PCV, MISD & TW",AD19,Scooter upto 150 cc (Comp & SAOD),1.0,PENDING,,,
SBI-TW-0013-SAOD,SBI-TW-0013,RATE,RATE,35.0,NET,SBI_GENERAL,TW,SCOOTER,,,,0,150,SAOD,STATE_OR_CITY,NCR,DELHI,,,,,"PCV, MISD & TW",AD19,Scooter upto 150 cc (Comp & SAOD),1.0,PENDING,,,
SBI-TW-0014-COMP,SBI-TW-0014,RATE,RATE,23.5,NET,SBI_GENERAL,TW,BIKE,,,,0,125,COMP,STATE_OR_CITY,NCR,DELHI,,,,,"PCV, MISD & TW",AE19,Bike upto 125 cc,1.0,PENDING,,,
SBI-TW-0014-SAOD,SBI-TW-0014,RATE,RATE,23.5,NET,SBI_GENERAL,TW,BIKE,,,,0,125,SAOD,STATE_OR_CITY,NCR,DELHI,,,,,"PCV, MISD & TW",AE19,Bike upto 125 cc,1.0,PENDING,,,
SBI-TW-0015-COMP,SBI-TW-0015,RATE,RATE,35.0,NET,SBI_GENERAL,TW,SCOOTER,,,,0,150,COMP,STATE_OR_CITY,HIMACHAL PRADESH,HIMACHAL PRADESH,,,,,"PCV, MISD & TW",AD22,Scooter upto 150 cc (Comp & SAOD),1.0,PENDING,,,
SBI-TW-0015-SAOD,SBI-TW-0015,RATE,RATE,35.0,NET,SBI_GENERAL,TW,SCOOTER,,,,0,150,SAOD,STATE_OR_CITY,HIMACHAL PRADESH,HIMACHAL PRADESH,,,,,"PCV, MISD & TW",AD22,Scooter upto 150 cc (Comp & SAOD),1.0,PENDING,,,
SBI-TW-0016-COMP,SBI-TW-0016,RATE,RATE,23.5,NET,SBI_GENERAL,TW,BIKE,,,,0,125,COMP,STATE_OR_CITY,HIMACHAL PRADESH,HIMACHAL PRADESH,,,,,"PCV, MISD & TW",AE22,Bike upto 125 cc,1.0,PENDING,,,
SBI-TW-0016-SAOD,SBI-TW-0016,RATE,RATE,23.5,NET,SBI_GENERAL,TW,BIKE,,,,0,125,SAOD,STATE_OR_CITY,HIMACHAL PRADESH,HIMACHAL PRADESH,,,,,"PCV, MISD & TW",AE22,Bike upto 125 cc,1.0,PENDING,,,
SBI-TW-0017-COMP,SBI-TW-0017,RATE,RATE,35.0,NET,SBI_GENERAL,TW,SCOOTER,,,,0,150,COMP,REGION,UTTAR PRADESH (Eastern),UTTAR PRADESH,,,,,"PCV, MISD & TW",AD25,Scooter upto 150 cc (Comp & SAOD),1.0,PENDING,,,
SBI-TW-0017-SAOD,SBI-TW-0017,RATE,RATE,35.0,NET,SBI_GENERAL,TW,SCOOTER,,,,0,150,SAOD,REGION,UTTAR PRADESH (Eastern),UTTAR PRADESH,,,,,"PCV, MISD & TW",AD25,Scooter upto 150 cc (Comp & SAOD),1.0,PENDING,,,
SBI-TW-0018-COMP,SBI-TW-0018,RATE,RATE,23.5,NET,SBI_GENERAL,TW,BIKE,,,,0,125,COMP,REGION,UTTAR PRADESH (Eastern),UTTAR PRADESH,,,,,"PCV, MISD & TW",AE25,Bike upto 125 cc,1.0,PENDING,,,
SBI-TW-0018-SAOD,SBI-TW-0018,RATE,RATE,23.5,NET,SBI_GENERAL,TW,BIKE,,,,0,125,SAOD,REGION,UTTAR PRADESH (Eastern),UTTAR PRADESH,,,,,"PCV, MISD & TW",AE25,Bike upto 125 cc,1.0,PENDING,,,
SBI-TW-0019-COMP,SBI-TW-0019,RATE,RATE,35.0,NET,SBI_GENERAL,TW,SCOOTER,,,,0,150,COMP,STATE_OR_CITY,ANDHRA PRADESH,ANDHRA PRADESH,,,,,"PCV, MISD & TW",AD34,Scooter upto 150 cc (Comp & SAOD),1.0,PENDING,,,
SBI-TW-0019-SAOD,SBI-TW-0019,RATE,RATE,35.0,NET,SBI_GENERAL,TW,SCOOTER,,,,0,150,SAOD,STATE_OR_CITY,ANDHRA PRADESH,ANDHRA PRADESH,,,,,"PCV, MISD & TW",AD34,Scooter upto 150 cc (Comp & SAOD),1.0,PENDING,,,
SBI-TW-0020-COMP,SBI-TW-0020,RATE,RATE,23.5,NET,SBI_GENERAL,TW,BIKE,,,,0,125,COMP,STATE_OR_CITY,ANDHRA PRADESH,ANDHRA PRADESH,,,,,"PCV, MISD & TW",AE34,Bike upto 125 cc,1.0,PENDING,,,
SBI-TW-0020-SAOD,SBI-TW-0020,RATE,RATE,23.5,NET,SBI_GENERAL,TW,BIKE,,,,0,125,SAOD,STATE_OR_CITY,ANDHRA PRADESH,ANDHRA PRADESH,,,,,"PCV, MISD & TW",AE34,Bike upto 125 cc,1.0,PENDING,,,
SBI-TW-0021-COMP,SBI-TW-0021,RATE,RATE,35.0,NET,SBI_GENERAL,TW,SCOOTER,,,,0,150,COMP,STATE_OR_CITY,TELANGANA,TELANGANA,,,,,"PCV, MISD & TW",AD35,Scooter upto 150 cc (Comp & SAOD),1.0,PENDING,,,
SBI-TW-0021-SAOD,SBI-TW-0021,RATE,RATE,35.0,NET,SBI_GENERAL,TW,SCOOTER,,,,0,150,SAOD,STATE_OR_CITY,TELANGANA,TELANGANA,,,,,"PCV, MISD & TW",AD35,Scooter upto 150 cc (Comp & SAOD),1.0,PENDING,,,
SBI-TW-0022-COMP,SBI-TW-0022,RATE,RATE,23.5,NET,SBI_GENERAL,TW,BIKE,,,,0,125,COMP,STATE_OR_CITY,TELANGANA,TELANGANA,,,,,"PCV, MISD & TW",AE35,Bike upto 125 cc,1.0,PENDING,,,
SBI-TW-0022-SAOD,SBI-TW-0022,RATE,RATE,23.5,NET,SBI_GENERAL,TW,BIKE,,,,0,125,SAOD,STATE_OR_CITY,TELANGANA,TELANGANA,,,,,"PCV, MISD & TW",AE35,Bike upto 125 cc,1.0,PENDING,,,
SBI-TW-0023-COMP,SBI-TW-0023,RATE,RATE,50.0,NET,SBI_GENERAL,TW,SCOOTER,,,,0,150,COMP,STATE_OR_CITY,Bangalore,KARNATAKA,,,,,"PCV, MISD & TW",AD36,Scooter upto 150 cc (Comp & SAOD),1.0,PENDING,,,
SBI-TW-0023-SAOD,SBI-TW-0023,RATE,RATE,50.0,NET,SBI_GENERAL,TW,SCOOTER,,,,0,150,SAOD,STATE_OR_CITY,Bangalore,KARNATAKA,,,,,"PCV, MISD & TW",AD36,Scooter upto 150 cc (Comp & SAOD),1.0,PENDING,,,
SBI-TW-0024-COMP,SBI-TW-0024,RATE,RATE,50.0,NET,SBI_GENERAL,TW,SCOOTER,,,,0,150,COMP,REGION,ROKarnataka,KARNATAKA,,,,,"PCV, MISD & TW",AD37,Scooter upto 150 cc (Comp & SAOD),1.0,PENDING,,,
SBI-TW-0024-SAOD,SBI-TW-0024,RATE,RATE,50.0,NET,SBI_GENERAL,TW,SCOOTER,,,,0,150,SAOD,REGION,ROKarnataka,KARNATAKA,,,,,"PCV, MISD & TW",AD37,Scooter upto 150 cc (Comp & SAOD),1.0,PENDING,,,
SBI-TW-0025-COMP,SBI-TW-0025,RATE,RATE,36,NET,SBI_GENERAL,TW,SCOOTER,,,,0,150,COMP,STATE_OR_CITY,Mumbai,MAHARASHTRA,,,,verified vs grid AD38,"PCV, MISD & TW",AD38,Scooter upto 150 cc (Comp & SAOD),1.0,CONFIRMED,rohit,2026-06-04T19:56:09,yes
SBI-TW-0025-SAOD,SBI-TW-0025,RATE,RATE,35.0,NET,SBI_GENERAL,TW,SCOOTER,,,,0,150,SAOD,STATE_OR_CITY,Mumbai,MAHARASHTRA,,,,,"PCV, MISD & TW",AD38,Scooter upto 150 cc (Comp & SAOD),1.0,PENDING,,,
SBI-TW-0026-COMP,SBI-TW-0026,RATE,RATE,23.5,NET,SBI_GENERAL,TW,BIKE,,,,0,125,COMP,STATE_OR_CITY,Mumbai,MAHARASHTRA,,,,,"PCV, MISD & TW",AE38,Bike upto 125 cc,1.0,CONFIRMED,rohit,2026-06-04T19:56:09,
SBI-TW-0026-SAOD,SBI-TW-0026,RATE,RATE,23.5,NET,SBI_GENERAL,TW,BIKE,,,,0,125,SAOD,STATE_OR_CITY,Mumbai,MAHARASHTRA,,,,,"PCV, MISD & TW",AE38,Bike upto 125 cc,1.0,PENDING,,,
SBI-TW-0027-COMP,SBI-TW-0027,RATE,RATE,35.0,NET,SBI_GENERAL,TW,SCOOTER,,,,0,150,COMP,STATE_OR_CITY,Navi Mumbai,MAHARASHTRA,,,,,"PCV, MISD & TW",AD39,Scooter upto 150 cc (Comp & SAOD),1.0,PENDING,,,
SBI-TW-0027-SAOD,SBI-TW-0027,RATE,RATE,35.0,NET,SBI_GENERAL,TW,SCOOTER,,,,0,150,SAOD,STATE_OR_CITY,Navi Mumbai,MAHARASHTRA,,,,,"PCV, MISD & TW",AD39,Scooter upto 150 cc (Comp & SAOD),1.0,PENDING,,,
SBI-TW-0028-COMP,SBI-TW-0028,RATE,RATE,23.5,NET,SBI_GENERAL,TW,BIKE,,,,0,125,COMP,STATE_OR_CITY,Navi Mumbai,MAHARASHTRA,,,,,"PCV, MISD & TW",AE39,Bike upto 125 cc,1.0,PENDING,,,
SBI-TW-0028-SAOD,SBI-TW-0028,RATE,RATE,23.5,NET,SBI_GENERAL,TW,BIKE,,,,0,125,SAOD,STATE_OR_CITY,Navi Mumbai,MAHARASHTRA,,,,,"PCV, MISD & TW",AE39,Bike upto 125 cc,1.0,PENDING,,,
SBI-TW-0029-COMP,SBI-TW-0029,RATE,RATE,35.0,NET,SBI_GENERAL,TW,SCOOTER,,,,0,150,COMP,STATE_OR_CITY,Pune,MAHARASHTRA,,,,,"PCV, MISD & TW",AD40,Scooter upto 150 cc (Comp & SAOD),1.0,PENDING,,,
SBI-TW-0029-SAOD,SBI-TW-0029,RATE,RATE,35.0,NET,SBI_GENERAL,TW,SCOOTER,,,,0,150,SAOD,STATE_OR_CITY,Pune,MAHARASHTRA,,,,,"PCV, MISD & TW",AD40,Scooter upto 150 cc (Comp & SAOD),1.0,PENDING,,,
SBI-TW-0030-COMP,SBI-TW-0030,RATE,RATE,23.5,NET,SBI_GENERAL,TW,BIKE,,,,0,125,COMP,STATE_OR_CITY,Pune,MAHARASHTRA,,,,,"PCV, MISD & TW",AE40,Bike upto 125 cc,1.0,PENDING,,,
SBI-TW-0030-SAOD,SBI-TW-0030,RATE,RATE,23.5,NET,SBI_GENERAL,TW,BIKE,,,,0,125,SAOD,STATE_OR_CITY,Pune,MAHARASHTRA,,,,,"PCV, MISD & TW",AE40,Bike upto 125 cc,1.0,PENDING,,,
SBI-TW-0031-COMP,SBI-TW-0031,RATE,RATE,35.0,NET,SBI_GENERAL,TW,SCOOTER,,,,0,150,COMP,REGION,RO Maharashtra,MAHARASHTRA,,,,,"PCV, MISD & TW",AD41,Scooter upto 150 cc (Comp & SAOD),1.0,PENDING,,,
SBI-TW-0031-SAOD,SBI-TW-0031,RATE,RATE,35.0,NET,SBI_GENERAL,TW,SCOOTER,,,,0,150,SAOD,REGION,RO Maharashtra,MAHARASHTRA,,,,,"PCV, MISD & TW",AD41,Scooter upto 150 cc (Comp & SAOD),1.0,PENDING,,,
SBI-TW-0032-COMP,SBI-TW-0032,RATE,RATE,23.5,NET,SBI_GENERAL,TW,BIKE,,,,0,125,COMP,REGION,RO Maharashtra,MAHARASHTRA,,,,,"PCV, MISD & TW",AE41,Bike upto 125 cc,1.0,PENDING,,,
SBI-TW-0032-SAOD,SBI-TW-0032,RATE,RATE,23.5,NET,SBI_GENERAL,TW,BIKE,,,,0,125,SAOD,REGION,RO Maharashtra,MAHARASHTRA,,,,,"PCV, MISD & TW",AE41,Bike upto 125 cc,1.0,PENDING,,,
SBI-TW-0033-COMP,SBI-TW-0033,RATE,RATE,35.0,NET,SBI_GENERAL,TW,SCOOTER,,,,0,150,COMP,STATE_OR_CITY,GOA,GOA,,,,,"PCV, MISD & TW",AD42,Scooter upto 150 cc (Comp & SAOD),1.0,PENDING,,,
SBI-TW-0033-SAOD,SBI-TW-0033,RATE,RATE,35.0,NET,SBI_GENERAL,TW,SCOOTER,,,,0,150,SAOD,STATE_OR_CITY,GOA,GOA,,,,,"PCV, MISD & TW",AD42,Scooter upto 150 cc (Comp & SAOD),1.0,PENDING,,,
SBI-TW-0034-COMP,SBI-TW-0034,RATE,RATE,23.5,NET,SBI_GENERAL,TW,BIKE,,,,0,125,COMP,STATE_OR_CITY,GOA,GOA,,,,,"PCV, MISD & TW",AE42,Bike upto 125 cc,1.0,PENDING,,,
SBI-TW-0034-SAOD,SBI-TW-0034,RATE,RATE,23.5,NET,SBI_GENERAL,TW,BIKE,,,,0,125,SAOD,STATE_OR_CITY,GOA,GOA,,,,,"PCV, MISD & TW",AE42,Bike upto 125 cc,1.0,PENDING,,,
SBI-TW-ELIG-TW2-002,SBI-TW-ELIG-TW2,ELIGIBILITY,DECLINE,,,SBI_GENERAL,TW,BIKE,Hero MotoCorp,Hunk,,,,COMP,PAN_INDIA,PAN_INDIA,,,,,Sports/cruiser bike declined for COMP,"PCV, MISD & TW",,All sports & cruiser Bikes declined ...,0.9,PENDING,,,
SBI-TW-ELIG-TW2-003,SBI-TW-ELIG-TW2,ELIGIBILITY,DECLINE,,,SBI_GENERAL,TW,BIKE,Hero MotoCorp,Xtreme,,,,COMP,PAN_INDIA,PAN_INDIA,,,,,Sports/cruiser bike declined for COMP,"PCV, MISD & TW",,All sports & cruiser Bikes declined ...,0.9,PENDING,,,
SBI-TW-ELIG-TW2-004,SBI-TW-ELIG-TW2,ELIGIBILITY,DECLINE,,,SBI_GENERAL,TW,BIKE,Hero MotoCorp,Xtreme Sports,,,,COMP,PAN_INDIA,PAN_INDIA,,,,,Sports/cruiser bike declined for COMP,"PCV, MISD & TW",,All sports & cruiser Bikes declined ...,0.9,PENDING,,,
SBI-TW-ELIG-TW2-005,SBI-TW-ELIG-TW2,ELIGIBILITY,DECLINE,,,SBI_GENERAL,TW,BIKE,Hero MotoCorp,Xtream,,,,COMP,PAN_INDIA,PAN_INDIA,,,,,Sports/cruiser bike declined for COMP,"PCV, MISD & TW",,All sports & cruiser Bikes declined ...,0.9,PENDING,,,
SBI-TW-ELIG-TW2-006,SBI-TW-ELIG-TW2,ELIGIBILITY,DECLINE,,,SBI_GENERAL,TW,BIKE,Honda,Africa Twin,,,,COMP,PAN_INDIA,PAN_INDIA,,,,,Sports/cruiser bike declined for COMP,"PCV, MISD & TW",,All sports & cruiser Bikes declined ...,0.9,PENDING,,,
SBI-TW-ELIG-TW2-007,SBI-TW-ELIG-TW2,ELIGIBILITY,DECLINE,,,SBI_GENERAL,TW,BIKE,Honda,CB 1000R,,,,COMP,PAN_INDIA,PAN_INDIA,,,,,Sports/cruiser bike declined for COMP,"PCV, MISD & TW",,All sports & cruiser Bikes declined ...,0.9,PENDING,,,
SBI-TW-ELIG-TW2-008,SBI-TW-ELIG-TW2,ELIGIBILITY,DECLINE,,,SBI_GENERAL,TW,BIKE,Honda,CB 200X,,,,COMP,PAN_INDIA,PAN_INDIA,,,,,Sports/cruiser bike declined for COMP,"PCV, MISD & TW",,All sports & cruiser Bikes declined ...,0.9,PENDING,,,
SBI-TW-ELIG-TW2-009,SBI-TW-ELIG-TW2,ELIGIBILITY,DECLINE,,,SBI_GENERAL,TW,BIKE,Honda,CB 300R,,,,COMP,PAN_INDIA,PAN_INDIA,,,,,Sports/cruiser bike declined for COMP,"PCV, MISD & TW",,All sports & cruiser Bikes declined ...,0.9,PENDING,,,
SBI-TW-ELIG-TW2-010,SBI-TW-ELIG-TW2,ELIGIBILITY,DECLINE,,,SBI_GENERAL,TW,BIKE,Honda,CBR1000RR,,,,COMP,PAN_INDIA,PAN_INDIA,,,,,Sports/cruiser bike declined for COMP,"PCV, MISD & TW",,All sports & cruiser Bikes declined ...,0.9,PENDING,,,
SBI-TW-ELIG-TW2-011,SBI-TW-ELIG-TW2,ELIGIBILITY,DECLINE,,,SBI_GENERAL,TW,BIKE,Honda,CBR 150R,,,,COMP,PAN_INDIA,PAN_INDIA,,,,,Sports/cruiser bike declined for COMP,"PCV, MISD & TW",,All sports & cruiser Bikes declined ...,0.9,PENDING,,,
SBI-TW-ELIG-TW2-012,SBI-TW-ELIG-TW2,ELIGIBILITY,DECLINE,,,SBI_GENERAL,TW,BIKE,Honda,CBR 250R,,,,COMP,PAN_INDIA,PAN_INDIA,,,,,Sports/cruiser bike declined for COMP,"PCV, MISD & TW",,All sports & cruiser Bikes declined ...,0.9,PENDING,,,
SBI-TW-ELIG-TW2-013,SBI-TW-ELIG-TW2,ELIGIBILITY,DECLINE,,,SBI_GENERAL,TW,BIKE,Honda,CBR 600 RR,,,,COMP,PAN_INDIA,PAN_INDIA,,,,,Sports/cruiser bike declined for COMP,"PCV, MISD & TW",,All sports & cruiser Bikes declined ...,0.9,PENDING,,,
SBI-TW-ELIG-TW2-014,SBI-TW-ELIG-TW2,ELIGIBILITY,DECLINE,,,SBI_GENERAL,TW,BIKE,Honda,CBR 650 F,,,,COMP,PAN_INDIA,PAN_INDIA,,,,,Sports/cruiser bike declined for COMP,"PCV, MISD & TW",,All sports & cruiser Bikes declined ...,0.9,PENDING,,,
SBI-TW-ELIG-TW2-015,SBI-TW-ELIG-TW2,ELIGIBILITY,DECLINE,,,SBI_GENERAL,TW,BIKE,Mahindra,Mojo,,,,COMP,PAN_INDIA,PAN_INDIA,,,,,Sports/cruiser bike declined for COMP,"PCV, MISD & TW",,All sports & cruiser Bikes declined ...,0.9,PENDING,,,
SBI-TW-ELIG-TW2-016,SBI-TW-ELIG-TW2,ELIGIBILITY,DECLINE,,,SBI_GENERAL,TW,BIKE,Bajaj,Dominar,,,,COMP,PAN_INDIA,PAN_INDIA,,,,,Sports/cruiser bike declined for COMP,"PCV, MISD & TW",,All sports & cruiser Bikes declined ...,0.9,PENDING,,,
SBI-TW-ELIG-TW2-017,SBI-TW-ELIG-TW2,ELIGIBILITY,DECLINE,,,SBI_GENERAL,TW,BIKE,Bajaj,Dominar 400,,,,COMP,PAN_INDIA,PAN_INDIA,,,,,Sports/cruiser bike declined for COMP,"PCV, MISD & TW",,All sports & cruiser Bikes declined ...,0.9,PENDING,,,
SBI-TW-ELIG-TW2-018,SBI-TW-ELIG-TW2,ELIGIBILITY,DECLINE,,,SBI_GENERAL,TW,BIKE,Bajaj,Pulsar,,,,COMP,PAN_INDIA,PAN_INDIA,,,,,Sports/cruiser bike declined for COMP,"PCV, MISD & TW",,All sports & cruiser Bikes declined ...,0.9,PENDING,,,
SBI-TW-ELIG-TW2-019,SBI-TW-ELIG-TW2,ELIGIBILITY,DECLINE,,,SBI_GENERAL,TW,BIKE,TVS,Apache,,,,COMP,PAN_INDIA,PAN_INDIA,,,,,Sports/cruiser bike declined for COMP,"PCV, MISD & TW",,All sports & cruiser Bikes declined ...,0.9,PENDING,,,
SBI-TW-ELIG-TW2-020,SBI-TW-ELIG-TW2,ELIGIBILITY,DECLINE,,,SBI_GENERAL,TW,BIKE,Yamaha,Fazer 25,,,,COMP,PAN_INDIA,PAN_INDIA,,,,,Sports/cruiser bike declined for COMP,"PCV, MISD & TW",,All sports & cruiser Bikes declined ...,0.9,PENDING,,,
SBI-TW-ELIG-TW2-021,SBI-TW-ELIG-TW2,ELIGIBILITY,DECLINE,,,SBI_GENERAL,TW,BIKE,Yamaha,FZ,,,,COMP,PAN_INDIA,PAN_INDIA,,,,,Sports/cruiser bike declined for COMP,"PCV, MISD & TW",,All sports & cruiser Bikes declined ...,0.9,PENDING,,,
SBI-TW-ELIG-TW2-022,SBI-TW-ELIG-TW2,ELIGIBILITY,DECLINE,,,SBI_GENERAL,TW,BIKE,Yamaha,MT 01,,,,COMP,PAN_INDIA,PAN_INDIA,,,,,Sports/cruiser bike declined for COMP,"PCV, MISD & TW",,All sports & cruiser Bikes declined ...,0.9,PENDING,,,
SBI-TW-ELIG-TW2-023,SBI-TW-ELIG-TW2,ELIGIBILITY,DECLINE,,,SBI_GENERAL,TW,BIKE,Yamaha,MT 15,,,,COMP,PAN_INDIA,PAN_INDIA,,,,,Sports/cruiser bike declined for COMP,"PCV, MISD & TW",,All sports & cruiser Bikes declined ...,0.9,PENDING,,,
SBI-TW-ELIG-TW2-024,SBI-TW-ELIG-TW2,ELIGIBILITY,DECLINE,,,SBI_GENERAL,TW,BIKE,Yamaha,YBR,,,,COMP,PAN_INDIA,PAN_INDIA,,,,,Sports/cruiser bike declined for COMP,"PCV, MISD & TW",,All sports & cruiser Bikes declined ...,0.9,PENDING,,,
SBI-TW-ELIG-TW2-025,SBI-TW-ELIG-TW2,ELIGIBILITY,DECLINE,,,SBI_GENERAL,TW,BIKE,Yamaha,YBX 125,,,,COMP,PAN_INDIA,PAN_INDIA,,,,,Sports/cruiser bike declined for COMP,"PCV, MISD & TW",,All sports & cruiser Bikes declined ...,0.9,PENDING,,,
SBI-TW-ELIG-TW2-026,SBI-TW-ELIG-TW2,ELIGIBILITY,DECLINE,,,SBI_GENERAL,TW,BIKE,Yamaha,YZF R1,,,,COMP,PAN_INDIA,PAN_INDIA,,,,,Sports/cruiser bike declined for COMP,"PCV, MISD & TW",,All sports & cruiser Bikes declined ...,0.9,PENDING,,,
SBI-TW-ELIG-TW2-027,SBI-TW-ELIG-TW2,ELIGIBILITY,DECLINE,,,SBI_GENERAL,TW,BIKE,Yamaha,YZF R15,,,,COMP,PAN_INDIA,PAN_INDIA,,,,,Sports/cruiser bike declined for COMP,"PCV, MISD & TW",,All sports & cruiser Bikes declined ...,0.9,PENDING,,,
SBI-TW-ELIG-TW2-028,SBI-TW-ELIG-TW2,ELIGIBILITY,DECLINE,,,SBI_GENERAL,TW,BIKE,Yamaha,YZF R3,,,,COMP,PAN_INDIA,PAN_INDIA,,,,,Sports/cruiser bike declined for COMP,"PCV, MISD & TW",,All sports & cruiser Bikes declined ...,0.9,PENDING,,,
SBI-TW-ELIG-TW2-029,SBI-TW-ELIG-TW2,ELIGIBILITY,DECLINE,,,SBI_GENERAL,TW,BIKE,Suzuki,Gixxer,,,,COMP,PAN_INDIA,PAN_INDIA,,,,,Sports/cruiser bike declined for COMP,"PCV, MISD & TW",,All sports & cruiser Bikes declined ...,0.9,PENDING,,,
SBI-TW-ELIG-TW2-030,SBI-TW-ELIG-TW2,ELIGIBILITY,DECLINE,,,SBI_GENERAL,TW,BIKE,Suzuki,GSX-S,,,,COMP,PAN_INDIA,PAN_INDIA,,,,,Sports/cruiser bike declined for COMP,"PCV, MISD & TW",,All sports & cruiser Bikes declined ...,0.9,PENDING,,,
SBI-TW-ELIG-TW2-031,SBI-TW-ELIG-TW2,ELIGIBILITY,DECLINE,,,SBI_GENERAL,TW,BIKE,Suzuki,Hayabusa,,,,COMP,PAN_INDIA,PAN_INDIA,,,,,Sports/cruiser bike declined for COMP,"PCV, MISD & TW",,All sports & cruiser Bikes declined ...,0.9,PENDING,,,
SBI-TW-ELIG-TW2-032,SBI-TW-ELIG-TW2,ELIGIBILITY,DECLINE,,,SBI_GENERAL,TW,BIKE,Suzuki,Inazuma,,,,COMP,PAN_INDIA,PAN_INDIA,,,,,Sports/cruiser bike declined for COMP,"PCV, MISD & TW",,All sports & cruiser Bikes declined ...,0.9,PENDING,,,
SBI-TW-ELIG-TW2-033,SBI-TW-ELIG-TW2,ELIGIBILITY,DECLINE,,,SBI_GENERAL,TW,BIKE,Suzuki,V Strom,,,,COMP,PAN_INDIA,PAN_INDIA,,,,,Sports/cruiser bike declined for COMP,"PCV, MISD & TW",,All sports & cruiser Bikes declined ...,0.9,PENDING,,,
SBI-TW-ELIG-TW2-034,SBI-TW-ELIG-TW2,ELIGIBILITY,DECLINE,,,SBI_GENERAL,TW,BIKE,Hero Honda,CBZ,,,,COMP,PAN_INDIA,PAN_INDIA,,,,,Sports/cruiser bike declined for COMP,"PCV, MISD & TW",,All sports & cruiser Bikes declined ...,0.9,PENDING,,,
SBI-TW-ELIG-TW2-035,SBI-TW-ELIG-TW2,ELIGIBILITY,DECLINE,,,SBI_GENERAL,TW,BIKE,Hero Honda,CBZ Xtreme,,,,COMP,PAN_INDIA,PAN_INDIA,,,,,Sports/cruiser bike declined for COMP,"PCV, MISD & TW",,All sports & cruiser Bikes declined ...,0.9,PENDING,,,
SBI-TW-ELIG-TW2-036,SBI-TW-ELIG-TW2,ELIGIBILITY,DECLINE,,,SBI_GENERAL,TW,BIKE,Hero Honda,Hunk,,,,COMP,PAN_INDIA,PAN_INDIA,,,,,Sports/cruiser bike declined for COMP,"PCV, MISD & TW",,All sports & cruiser Bikes declined ...,0.9,PENDING,,,
SBI-TW-ELIG-TW2-037,SBI-TW-ELIG-TW2,ELIGIBILITY,DECLINE,,,SBI_GENERAL,TW,BIKE,Hero Honda,Karizma,,,,COMP,PAN_INDIA,PAN_INDIA,,,,,Sports/cruiser bike declined for COMP,"PCV, MISD & TW",,All sports & cruiser Bikes declined ...,0.9,PENDING,,,
SBI-TW-ELIG-TW2-038,SBI-TW-ELIG-TW2,ELIGIBILITY,DECLINE,,,SBI_GENERAL,TW,BIKE,Husqvarna,Svartpilen 250,,,,COMP,PAN_INDIA,PAN_INDIA,,,,,Sports/cruiser bike declined for COMP,"PCV, MISD & TW",,All sports & cruiser Bikes declined ...,0.9,PENDING,,,
SBI-TW-ELIG-TW2-039,SBI-TW-ELIG-TW2,ELIGIBILITY,DECLINE,,,SBI_GENERAL,TW,BIKE,Husqvarna,Vitpilen 250,,,,COMP,PAN_INDIA,PAN_INDIA,,,,,Sports/cruiser bike declined for COMP,"PCV, MISD & TW",,All sports & cruiser Bikes declined ...,0.9,PENDING,,,
SBI-TW-ELIG-TW2-040,SBI-TW-ELIG-TW2,ELIGIBILITY,DECLINE,,,SBI_GENERAL,TW,BIKE,Husqvarna,ALL,,,,COMP,PAN_INDIA,PAN_INDIA,,,,,Sports/cruiser bike declined for COMP,"PCV, MISD & TW",,All sports & cruiser Bikes declined ...,0.9,PENDING,,,
SBI-TW-ELIG-TW2-041,SBI-TW-ELIG-TW2,ELIGIBILITY,DECLINE,,,SBI_GENERAL,TW,BIKE,Yezdi,Std,,,,COMP,PAN_INDIA,PAN_INDIA,,,,,Sports/cruiser bike declined for COMP,"PCV, MISD & TW",,All sports & cruiser Bikes declined ...,0.9,PENDING,,,
SBI-TW-ELIG-TW2-042,SBI-TW-ELIG-TW2,ELIGIBILITY,DECLINE,,,SBI_GENERAL,TW,BIKE,Piaggio,Aprilia,,,,COMP,PAN_INDIA,PAN_INDIA,,,,,Sports/cruiser bike declined for COMP,"PCV, MISD & TW",,All sports & cruiser Bikes declined ...,0.9,PENDING,,,
SBI-TW-ELIG-TW2-043,SBI-TW-ELIG-TW2,ELIGIBILITY,DECLINE,,,SBI_GENERAL,TW,BIKE,Benelli,ALL,,,,COMP,PAN_INDIA,PAN_INDIA,,,,,Sports/cruiser bike declined for COMP,"PCV, MISD & TW",,All sports & cruiser Bikes declined ...,0.9,PENDING,,,
SBI-TW-ELIG-TW2-044,SBI-TW-ELIG-TW2,ELIGIBILITY,DECLINE,,,SBI_GENERAL,TW,BIKE,BMW,ALL,,,,COMP,PAN_INDIA,PAN_INDIA,,,,,Sports/cruiser bike declined for COMP,"PCV, MISD & TW",,All sports & cruiser Bikes declined ...,0.9,PENDING,,,
SBI-TW-ELIG-TW2-045,SBI-TW-ELIG-TW2,ELIGIBILITY,DECLINE,,,SBI_GENERAL,TW,BIKE,CF Moto,ALL,,,,COMP,PAN_INDIA,PAN_INDIA,,,,,Sports/cruiser bike declined for COMP,"PCV, MISD & TW",,All sports & cruiser Bikes declined ...,0.9,PENDING,,,
SBI-TW-ELIG-TW2-046,SBI-TW-ELIG-TW2,ELIGIBILITY,DECLINE,,,SBI_GENERAL,TW,BIKE,Ducati,ALL,,,,COMP,PAN_INDIA,PAN_INDIA,,,,,Sports/cruiser bike declined for COMP,"PCV, MISD & TW",,All sports & cruiser Bikes declined ...,0.9,PENDING,,,
SBI-TW-ELIG-TW2-047,SBI-TW-ELIG-TW2,ELIGIBILITY,DECLINE,,,SBI_GENERAL,TW,BIKE,Triumph,ALL,,,,COMP,PAN_INDIA,PAN_INDIA,,,,,Sports/cruiser bike declined for COMP,"PCV, MISD & TW",,All sports & cruiser Bikes declined ...,0.9,PENDING,,,
SBI-TW-ELIG-TW2-048,SBI-TW-ELIG-TW2,ELIGIBILITY,DECLINE,,,SBI_GENERAL,TW,BIKE,Hyosung,ALL,,,,COMP,PAN_INDIA,PAN_INDIA,,,,,Sports/cruiser bike declined for COMP,"PCV, MISD & TW",,All sports & cruiser Bikes declined ...,0.9,PENDING,,,
SBI-TW-ELIG-TW2-049,SBI-TW-ELIG-TW2,ELIGIBILITY,DECLINE,,,SBI_GENERAL,TW,BIKE,Kawasaki,ALL,,,,COMP,PAN_INDIA,PAN_INDIA,,,,,Sports/cruiser bike declined for COMP,"PCV, MISD & TW",,All sports & cruiser Bikes declined ...,0.9,PENDING,,,
SBI-TW-ELIG-TW2-050,SBI-TW-ELIG-TW2,ELIGIBILITY,DECLINE,,,SBI_GENERAL,TW,BIKE,KTM,ALL,,,,COMP,PAN_INDIA,PAN_INDIA,,,,,Sports/cruiser bike declined for COMP,"PCV, MISD & TW",,All sports & cruiser Bikes declined ...,0.9,PENDING,,,
SBI-TW-ELIG-TW1-051,SBI-TW-ELIG-TW1,ELIGIBILITY,DECLINE,,,SBI_GENERAL,TW,BIKE,Hero,Splendor,all_variants,,,COMP,STATE_OR_CITY,BIHAR,BIHAR,,,,Splendor & Passion (all variants) declined COMP in BR/UP/DL/NCR,"PCV, MISD & TW",,Splendor & Passion -all varients declined in Bihar/Uttar Pradesh/Delhi/NCR,0.95,PENDING,,,
SBI-TW-ELIG-TW1-052,SBI-TW-ELIG-TW1,ELIGIBILITY,DECLINE,,,SBI_GENERAL,TW,BIKE,Hero,Passion,all_variants,,,COMP,STATE_OR_CITY,BIHAR,BIHAR,,,,Splendor & Passion (all variants) declined COMP in BR/UP/DL/NCR,"PCV, MISD & TW",,Splendor & Passion -all varients declined in Bihar/Uttar Pradesh/Delhi/NCR,0.95,PENDING,,,
SBI-TW-ELIG-TW1-053,SBI-TW-ELIG-TW1,ELIGIBILITY,DECLINE,,,SBI_GENERAL,TW,BIKE,Hero,Splendor,all_variants,,,COMP,STATE_OR_CITY,UTTAR PRADESH,UTTAR PRADESH,,,,Splendor & Passion (all variants) declined COMP in BR/UP/DL/NCR,"PCV, MISD & TW",,Splendor & Passion -all varients declined in Bihar/Uttar Pradesh/Delhi/NCR,0.95,PENDING,,,
SBI-TW-ELIG-TW1-054,SBI-TW-ELIG-TW1,ELIGIBILITY,DECLINE,,,SBI_GENERAL,TW,BIKE,Hero,Passion,all_variants,,,COMP,STATE_OR_CITY,UTTAR PRADESH,UTTAR PRADESH,,,,Splendor & Passion (all variants) declined COMP in BR/UP/DL/NCR,"PCV, MISD & TW",,Splendor & Passion -all varients declined in Bihar/Uttar Pradesh/Delhi/NCR,0.95,PENDING,,,
SBI-TW-ELIG-TW1-055,SBI-TW-ELIG-TW1,ELIGIBILITY,DECLINE,,,SBI_GENERAL,TW,BIKE,Hero,Splendor,all_variants,,,COMP,STATE_OR_CITY,DELHI,DELHI,,,,Splendor & Passion (all variants) declined COMP in BR/UP/DL/NCR,"PCV, MISD & TW",,Splendor & Passion -all varients declined in Bihar/Uttar Pradesh/Delhi/NCR,0.95,PENDING,,,
SBI-TW-ELIG-TW1-056,SBI-TW-ELIG-TW1,ELIGIBILITY,DECLINE,,,SBI_GENERAL,TW,BIKE,Hero,Passion,all_variants,,,COMP,STATE_OR_CITY,DELHI,DELHI,,,,Splendor & Passion (all variants) declined COMP in BR/UP/DL/NCR,"PCV, MISD & TW",,Splendor & Passion -all varients declined in Bihar/Uttar Pradesh/Delhi/NCR,0.95,PENDING,,,
SBI-TW-ELIG-TW1-057,SBI-TW-ELIG-TW1,ELIGIBILITY,DECLINE,,,SBI_GENERAL,TW,BIKE,Hero,Splendor,all_variants,,,COMP,STATE_OR_CITY,NCR,DELHI,,,,Splendor & Passion (all variants) declined COMP in BR/UP/DL/NCR,"PCV, MISD & TW",,Splendor & Passion -all varients declined in Bihar/Uttar Pradesh/Delhi/NCR,0.95,PENDING,,,
SBI-TW-ELIG-TW1-058,SBI-TW-ELIG-TW1,ELIGIBILITY,DECLINE,,,SBI_GENERAL,TW,BIKE,Hero,Passion,all_variants,,,COMP,STATE_OR_CITY,NCR,DELHI,,,,Splendor & Passion (all variants) declined COMP in BR/UP/DL/NCR,"PCV, MISD & TW",,Splendor & Passion -all varients declined in Bihar/Uttar Pradesh/Delhi/NCR,0.95,PENDING,,,
SBI-TW-ELIG-TW5-059,SBI-TW-ELIG-TW5,ELIGIBILITY,DECLINE,,,SBI_GENERAL,TW,SCOOTER,TVS,ALL,,,,COMP,STATE_OR_CITY,CHATTISGARH,CHATTISGARH,,,,Make declined for COMP in listed states,"PCV, MISD & TW",,TVS declined state CG/KL/MP; HERO CG/KL/MP/RJ/HP; Royal Enfield CG/KL/MP/HP/KA/RJ/TN; SUZUKI CG/KL/MP; YAMAHA CG/KL/MP; All other makes CG/KL/MP,0.9,PENDING,,,
SBI-TW-ELIG-TW5-060,SBI-TW-ELIG-TW5,ELIGIBILITY,DECLINE,,,SBI_GENERAL,TW,SCOOTER,TVS,ALL,,,,COMP,STATE_OR_CITY,KERALA,KERALA,,,,Make declined for COMP in listed states,"PCV, MISD & TW",,TVS declined state CG/KL/MP; HERO CG/KL/MP/RJ/HP; Royal Enfield CG/KL/MP/HP/KA/RJ/TN; SUZUKI CG/KL/MP; YAMAHA CG/KL/MP; All other makes CG/KL/MP,0.9,PENDING,,,
SBI-TW-ELIG-TW5-061,SBI-TW-ELIG-TW5,ELIGIBILITY,DECLINE,,,SBI_GENERAL,TW,SCOOTER,TVS,ALL,,,,COMP,STATE_OR_CITY,MADHYA PRADESH,MADHYA PRADESH,,,,Make declined for COMP in listed states,"PCV, MISD & TW",,TVS declined state CG/KL/MP; HERO CG/KL/MP/RJ/HP; Royal Enfield CG/KL/MP/HP/KA/RJ/TN; SUZUKI CG/KL/MP; YAMAHA CG/KL/MP; All other makes CG/KL/MP,0.9,PENDING,,,
SBI-TW-ELIG-TW5-062,SBI-TW-ELIG-TW5,ELIGIBILITY,DECLINE,,,SBI_GENERAL,TW,SCOOTER,Hero,ALL,,,,COMP,STATE_OR_CITY,CHATTISGARH,CHATTISGARH,,,,Make declined for COMP in listed states,"PCV, MISD & TW",,TVS declined state CG/KL/MP; HERO CG/KL/MP/RJ/HP; Royal Enfield CG/KL/MP/HP/KA/RJ/TN; SUZUKI CG/KL/MP; YAMAHA CG/KL/MP; All other makes CG/KL/MP,0.9,PENDING,,,
SBI-TW-ELIG-TW5-063,SBI-TW-ELIG-TW5,ELIGIBILITY,DECLINE,,,SBI_GENERAL,TW,SCOOTER,Hero,ALL,,,,COMP,STATE_OR_CITY,KERALA,KERALA,,,,Make declined for COMP in listed states,"PCV, MISD & TW",,TVS declined state CG/KL/MP; HERO CG/KL/MP/RJ/HP; Royal Enfield CG/KL/MP/HP/KA/RJ/TN; SUZUKI CG/KL/MP; YAMAHA CG/KL/MP; All other makes CG/KL/MP,0.9,PENDING,,,
SBI-TW-ELIG-TW5-064,SBI-TW-ELIG-TW5,ELIGIBILITY,DECLINE,,,SBI_GENERAL,TW,SCOOTER,Hero,ALL,,,,COMP,STATE_OR_CITY,MADHYA PRADESH,MADHYA PRADESH,,,,Make declined for COMP in listed states,"PCV, MISD & TW",,TVS declined state CG/KL/MP; HERO CG/KL/MP/RJ/HP; Royal Enfield CG/KL/MP/HP/KA/RJ/TN; SUZUKI CG/KL/MP; YAMAHA CG/KL/MP; All other makes CG/KL/MP,0.9,PENDING,,,
SBI-TW-ELIG-TW5-065,SBI-TW-ELIG-TW5,ELIGIBILITY,DECLINE,,,SBI_GENERAL,TW,SCOOTER,Hero,ALL,,,,COMP,STATE_OR_CITY,RAJASTHAN,RAJASTHAN,,,,Make declined for COMP in listed states,"PCV, MISD & TW",,TVS declined state CG/KL/MP; HERO CG/KL/MP/RJ/HP; Royal Enfield CG/KL/MP/HP/KA/RJ/TN; SUZUKI CG/KL/MP; YAMAHA CG/KL/MP; All other makes CG/KL/MP,0.9,PENDING,,,
SBI-TW-ELIG-TW5-066,SBI-TW-ELIG-TW5,ELIGIBILITY,DECLINE,,,SBI_GENERAL,TW,SCOOTER,Hero,ALL,,,,COMP,STATE_OR_CITY,HIMACHAL PRADESH,HIMACHAL PRADESH,,,,Make declined for COMP in listed states,"PCV, MISD & TW",,TVS declined state CG/KL/MP; HERO CG/KL/MP/RJ/HP; Royal Enfield CG/KL/MP/HP/KA/RJ/TN; SUZUKI CG/KL/MP; YAMAHA CG/KL/MP; All other makes CG/KL/MP,0.9,PENDING,,,
SBI-TW-ELIG-TW5-067,SBI-TW-ELIG-TW5,ELIGIBILITY,DECLINE,,,SBI_GENERAL,TW,SCOOTER,Royal Enfield,ALL,,,,COMP,STATE_OR_CITY,CHATTISGARH,CHATTISGARH,,,,Make declined for COMP in listed states,"PCV, MISD & TW",,TVS declined state CG/KL/MP; HERO CG/KL/MP/RJ/HP; Royal Enfield CG/KL/MP/HP/KA/RJ/TN; SUZUKI CG/KL/MP; YAMAHA CG/KL/MP; All other makes CG/KL/MP,0.9,PENDING,,,
SBI-TW-ELIG-TW5-068,SBI-TW-ELIG-TW5,ELIGIBILITY,DECLINE,,,SBI_GENERAL,TW,SCOOTER,Royal Enfield,ALL,,,,COMP,STATE_OR_CITY,KERALA,KERALA,,,,Make declined for COMP in listed states,"PCV, MISD & TW",,TVS declined state CG/KL/MP; HERO CG/KL/MP/RJ/HP; Royal Enfield CG/KL/MP/HP/KA/RJ/TN; SUZUKI CG/KL/MP; YAMAHA CG/KL/MP; All other makes CG/KL/MP,0.9,PENDING,,,
SBI-TW-ELIG-TW5-069,SBI-TW-ELIG-TW5,ELIGIBILITY,DECLINE,,,SBI_GENERAL,TW,SCOOTER,Royal Enfield,ALL,,,,COMP,STATE_OR_CITY,MADHYA PRADESH,MADHYA PRADESH,,,,Make declined for COMP in listed states,"PCV, MISD & TW",,TVS declined state CG/KL/MP; HERO CG/KL/MP/RJ/HP; Royal Enfield CG/KL/MP/HP/KA/RJ/TN; SUZUKI CG/KL/MP; YAMAHA CG/KL/MP; All other makes CG/KL/MP,0.9,PENDING,,,
SBI-TW-ELIG-TW5-070,SBI-TW-ELIG-TW5,ELIGIBILITY,DECLINE,,,SBI_GENERAL,TW,SCOOTER,Royal Enfield,ALL,,,,COMP,STATE_OR_CITY,HIMACHAL PRADESH,HIMACHAL PRADESH,,,,Make declined for COMP in listed states,"PCV, MISD & TW",,TVS declined state CG/KL/MP; HERO CG/KL/MP/RJ/HP; Royal Enfield CG/KL/MP/HP/KA/RJ/TN; SUZUKI CG/KL/MP; YAMAHA CG/KL/MP; All other makes CG/KL/MP,0.9,PENDING,,,
SBI-TW-ELIG-TW5-071,SBI-TW-ELIG-TW5,ELIGIBILITY,DECLINE,,,SBI_GENERAL,TW,SCOOTER,Royal Enfield,ALL,,,,COMP,STATE_OR_CITY,KARNATAKA,KARNATAKA,,,,Make declined for COMP in listed states,"PCV, MISD & TW",,TVS declined state CG/KL/MP; HERO CG/KL/MP/RJ/HP; Royal Enfield CG/KL/MP/HP/KA/RJ/TN; SUZUKI CG/KL/MP; YAMAHA CG/KL/MP; All other makes CG/KL/MP,0.9,PENDING,,,
SBI-TW-ELIG-TW5-072,SBI-TW-ELIG-TW5,ELIGIBILITY,DECLINE,,,SBI_GENERAL,TW,SCOOTER,Royal Enfield,ALL,,,,COMP,STATE_OR_CITY,RAJASTHAN,RAJASTHAN,,,,Make declined for COMP in listed states,"PCV, MISD & TW",,TVS declined state CG/KL/MP; HERO CG/KL/MP/RJ/HP; Royal Enfield CG/KL/MP/HP/KA/RJ/TN; SUZUKI CG/KL/MP; YAMAHA CG/KL/MP; All other makes CG/KL/MP,0.9,PENDING,,,
SBI-TW-ELIG-TW5-073,SBI-TW-ELIG-TW5,ELIGIBILITY,DECLINE,,,SBI_GENERAL,TW,SCOOTER,Royal Enfield,ALL,,,,COMP,STATE_OR_CITY,TAMIL NADU,TAMIL NADU,,,,Make declined for COMP in listed states,"PCV, MISD & TW",,TVS declined state CG/KL/MP; HERO CG/KL/MP/RJ/HP; Royal Enfield CG/KL/MP/HP/KA/RJ/TN; SUZUKI CG/KL/MP; YAMAHA CG/KL/MP; All other makes CG/KL/MP,0.9,PENDING,,,
SBI-TW-ELIG-TW5-074,SBI-TW-ELIG-TW5,ELIGIBILITY,DECLINE,,,SBI_GENERAL,TW,SCOOTER,Suzuki,ALL,,,,COMP,STATE_OR_CITY,CHATTISGARH,CHATTISGARH,,,,Make declined for COMP in listed states,"PCV, MISD & TW",,TVS declined state CG/KL/MP; HERO CG/KL/MP/RJ/HP; Royal Enfield CG/KL/MP/HP/KA/RJ/TN; SUZUKI CG/KL/MP; YAMAHA CG/KL/MP; All other makes CG/KL/MP,0.9,PENDING,,,
SBI-TW-ELIG-TW5-075,SBI-TW-ELIG-TW5,ELIGIBILITY,DECLINE,,,SBI_GENERAL,TW,SCOOTER,Suzuki,ALL,,,,COMP,STATE_OR_CITY,KERALA,KERALA,,,,Make declined for COMP in listed states,"PCV, MISD & TW",,TVS declined state CG/KL/MP; HERO CG/KL/MP/RJ/HP; Royal Enfield CG/KL/MP/HP/KA/RJ/TN; SUZUKI CG/KL/MP; YAMAHA CG/KL/MP; All other makes CG/KL/MP,0.9,PENDING,,,
SBI-TW-ELIG-TW5-076,SBI-TW-ELIG-TW5,ELIGIBILITY,DECLINE,,,SBI_GENERAL,TW,SCOOTER,Suzuki,ALL,,,,COMP,STATE_OR_CITY,MADHYA PRADESH,MADHYA PRADESH,,,,Make declined for COMP in listed states,"PCV, MISD & TW",,TVS declined state CG/KL/MP; HERO CG/KL/MP/RJ/HP; Royal Enfield CG/KL/MP/HP/KA/RJ/TN; SUZUKI CG/KL/MP; YAMAHA CG/KL/MP; All other makes CG/KL/MP,0.9,PENDING,,,
SBI-TW-ELIG-TW5-077,SBI-TW-ELIG-TW5,ELIGIBILITY,DECLINE,,,SBI_GENERAL,TW,SCOOTER,Yamaha,ALL,,,,COMP,STATE_OR_CITY,CHATTISGARH,CHATTISGARH,,,,Make declined for COMP in listed states,"PCV, MISD & TW",,TVS declined state CG/KL/MP; HERO CG/KL/MP/RJ/HP; Royal Enfield CG/KL/MP/HP/KA/RJ/TN; SUZUKI CG/KL/MP; YAMAHA CG/KL/MP; All other makes CG/KL/MP,0.9,PENDING,,,
SBI-TW-ELIG-TW5-078,SBI-TW-ELIG-TW5,ELIGIBILITY,DECLINE,,,SBI_GENERAL,TW,SCOOTER,Yamaha,ALL,,,,COMP,STATE_OR_CITY,KERALA,KERALA,,,,Make declined for COMP in listed states,"PCV, MISD & TW",,TVS declined state CG/KL/MP; HERO CG/KL/MP/RJ/HP; Royal Enfield CG/KL/MP/HP/KA/RJ/TN; SUZUKI CG/KL/MP; YAMAHA CG/KL/MP; All other makes CG/KL/MP,0.9,PENDING,,,
SBI-TW-ELIG-TW5-079,SBI-TW-ELIG-TW5,ELIGIBILITY,DECLINE,,,SBI_GENERAL,TW,SCOOTER,Yamaha,ALL,,,,COMP,STATE_OR_CITY,MADHYA PRADESH,MADHYA PRADESH,,,,Make declined for COMP in listed states,"PCV, MISD & TW",,TVS declined state CG/KL/MP; HERO CG/KL/MP/RJ/HP; Royal Enfield CG/KL/MP/HP/KA/RJ/TN; SUZUKI CG/KL/MP; YAMAHA CG/KL/MP; All other makes CG/KL/MP,0.9,PENDING,,,
SBI-TW-ELIG-TW5-080,SBI-TW-ELIG-TW5,ELIGIBILITY,DECLINE,,,SBI_GENERAL,TW,SCOOTER,*OTHER*,ALL OTHER MAKES,,,,COMP,STATE_OR_CITY,CHATTISGARH,CHATTISGARH,,,,Make declined for COMP in listed states,"PCV, MISD & TW",,TVS declined state CG/KL/MP; HERO CG/KL/MP/RJ/HP; Royal Enfield CG/KL/MP/HP/KA/RJ/TN; SUZUKI CG/KL/MP; YAMAHA CG/KL/MP; All other makes CG/KL/MP,0.9,PENDING,,,
SBI-TW-ELIG-TW5-081,SBI-TW-ELIG-TW5,ELIGIBILITY,DECLINE,,,SBI_GENERAL,TW,SCOOTER,*OTHER*,ALL OTHER MAKES,,,,COMP,STATE_OR_CITY,KERALA,KERALA,,,,Make declined for COMP in listed states,"PCV, MISD & TW",,TVS declined state CG/KL/MP; HERO CG/KL/MP/RJ/HP; Royal Enfield CG/KL/MP/HP/KA/RJ/TN; SUZUKI CG/KL/MP; YAMAHA CG/KL/MP; All other makes CG/KL/MP,0.9,PENDING,,,
SBI-TW-ELIG-TW5-082,SBI-TW-ELIG-TW5,ELIGIBILITY,DECLINE,,,SBI_GENERAL,TW,SCOOTER,*OTHER*,ALL OTHER MAKES,,,,COMP,STATE_OR_CITY,MADHYA PRADESH,MADHYA PRADESH,,,,Make declined for COMP in listed states,"PCV, MISD & TW",,TVS declined state CG/KL/MP; HERO CG/KL/MP/RJ/HP; Royal Enfield CG/KL/MP/HP/KA/RJ/TN; SUZUKI CG/KL/MP; YAMAHA CG/KL/MP; All other makes CG/KL/MP,0.9,PENDING,,,
SBI-TW-ELIG-TW5-083,SBI-TW-ELIG-TW5,ELIGIBILITY,DECLINE,,,SBI_GENERAL,TW,BIKE,TVS,ALL,,,,COMP,STATE_OR_CITY,CHATTISGARH,CHATTISGARH,,,,Make declined for COMP in listed states,"PCV, MISD & TW",,TVS declined state CG/KL/MP; HERO CG/KL/MP/RJ/HP; Royal Enfield CG/KL/MP/HP/KA/RJ/TN; SUZUKI CG/KL/MP; YAMAHA CG/KL/MP; All other makes CG/KL/MP,0.9,PENDING,,,
SBI-TW-ELIG-TW5-084,SBI-TW-ELIG-TW5,ELIGIBILITY,DECLINE,,,SBI_GENERAL,TW,BIKE,TVS,ALL,,,,COMP,STATE_OR_CITY,KERALA,KERALA,,,,Make declined for COMP in listed states,"PCV, MISD & TW",,TVS declined state CG/KL/MP; HERO CG/KL/MP/RJ/HP; Royal Enfield CG/KL/MP/HP/KA/RJ/TN; SUZUKI CG/KL/MP; YAMAHA CG/KL/MP; All other makes CG/KL/MP,0.9,PENDING,,,
SBI-TW-ELIG-TW5-085,SBI-TW-ELIG-TW5,ELIGIBILITY,DECLINE,,,SBI_GENERAL,TW,BIKE,TVS,ALL,,,,COMP,STATE_OR_CITY,MADHYA PRADESH,MADHYA PRADESH,,,,Make declined for COMP in listed states,"PCV, MISD & TW",,TVS declined state CG/KL/MP; HERO CG/KL/MP/RJ/HP; Royal Enfield CG/KL/MP/HP/KA/RJ/TN; SUZUKI CG/KL/MP; YAMAHA CG/KL/MP; All other makes CG/KL/MP,0.9,PENDING,,,
SBI-TW-ELIG-TW5-086,SBI-TW-ELIG-TW5,ELIGIBILITY,DECLINE,,,SBI_GENERAL,TW,BIKE,Hero,ALL,,,,COMP,STATE_OR_CITY,CHATTISGARH,CHATTISGARH,,,,Make declined for COMP in listed states,"PCV, MISD & TW",,TVS declined state CG/KL/MP; HERO CG/KL/MP/RJ/HP; Royal Enfield CG/KL/MP/HP/KA/RJ/TN; SUZUKI CG/KL/MP; YAMAHA CG/KL/MP; All other makes CG/KL/MP,0.9,PENDING,,,
SBI-TW-ELIG-TW5-087,SBI-TW-ELIG-TW5,ELIGIBILITY,DECLINE,,,SBI_GENERAL,TW,BIKE,Hero,ALL,,,,COMP,STATE_OR_CITY,KERALA,KERALA,,,,Make declined for COMP in listed states,"PCV, MISD & TW",,TVS declined state CG/KL/MP; HERO CG/KL/MP/RJ/HP; Royal Enfield CG/KL/MP/HP/KA/RJ/TN; SUZUKI CG/KL/MP; YAMAHA CG/KL/MP; All other makes CG/KL/MP,0.9,PENDING,,,
SBI-TW-ELIG-TW5-088,SBI-TW-ELIG-TW5,ELIGIBILITY,DECLINE,,,SBI_GENERAL,TW,BIKE,Hero,ALL,,,,COMP,STATE_OR_CITY,MADHYA PRADESH,MADHYA PRADESH,,,,Make declined for COMP in listed states,"PCV, MISD & TW",,TVS declined state CG/KL/MP; HERO CG/KL/MP/RJ/HP; Royal Enfield CG/KL/MP/HP/KA/RJ/TN; SUZUKI CG/KL/MP; YAMAHA CG/KL/MP; All other makes CG/KL/MP,0.9,PENDING,,,
SBI-TW-ELIG-TW5-089,SBI-TW-ELIG-TW5,ELIGIBILITY,DECLINE,,,SBI_GENERAL,TW,BIKE,Hero,ALL,,,,COMP,STATE_OR_CITY,RAJASTHAN,RAJASTHAN,,,,Make declined for COMP in listed states,"PCV, MISD & TW",,TVS declined state CG/KL/MP; HERO CG/KL/MP/RJ/HP; Royal Enfield CG/KL/MP/HP/KA/RJ/TN; SUZUKI CG/KL/MP; YAMAHA CG/KL/MP; All other makes CG/KL/MP,0.9,PENDING,,,
SBI-TW-ELIG-TW5-090,SBI-TW-ELIG-TW5,ELIGIBILITY,DECLINE,,,SBI_GENERAL,TW,BIKE,Hero,ALL,,,,COMP,STATE_OR_CITY,HIMACHAL PRADESH,HIMACHAL PRADESH,,,,Make declined for COMP in listed states,"PCV, MISD & TW",,TVS declined state CG/KL/MP; HERO CG/KL/MP/RJ/HP; Royal Enfield CG/KL/MP/HP/KA/RJ/TN; SUZUKI CG/KL/MP; YAMAHA CG/KL/MP; All other makes CG/KL/MP,0.9,PENDING,,,
SBI-TW-ELIG-TW5-091,SBI-TW-ELIG-TW5,ELIGIBILITY,DECLINE,,,SBI_GENERAL,TW,BIKE,Royal Enfield,ALL,,,,COMP,STATE_OR_CITY,CHATTISGARH,CHATTISGARH,,,,Make declined for COMP in listed states,"PCV, MISD & TW",,TVS declined state CG/KL/MP; HERO CG/KL/MP/RJ/HP; Royal Enfield CG/KL/MP/HP/KA/RJ/TN; SUZUKI CG/KL/MP; YAMAHA CG/KL/MP; All other makes CG/KL/MP,0.9,PENDING,,,
SBI-TW-ELIG-TW5-092,SBI-TW-ELIG-TW5,ELIGIBILITY,DECLINE,,,SBI_GENERAL,TW,BIKE,Royal Enfield,ALL,,,,COMP,STATE_OR_CITY,KERALA,KERALA,,,,Make declined for COMP in listed states,"PCV, MISD & TW",,TVS declined state CG/KL/MP; HERO CG/KL/MP/RJ/HP; Royal Enfield CG/KL/MP/HP/KA/RJ/TN; SUZUKI CG/KL/MP; YAMAHA CG/KL/MP; All other makes CG/KL/MP,0.9,PENDING,,,
SBI-TW-ELIG-TW5-093,SBI-TW-ELIG-TW5,ELIGIBILITY,DECLINE,,,SBI_GENERAL,TW,BIKE,Royal Enfield,ALL,,,,COMP,STATE_OR_CITY,MADHYA PRADESH,MADHYA PRADESH,,,,Make declined for COMP in listed states,"PCV, MISD & TW",,TVS declined state CG/KL/MP; HERO CG/KL/MP/RJ/HP; Royal Enfield CG/KL/MP/HP/KA/RJ/TN; SUZUKI CG/KL/MP; YAMAHA CG/KL/MP; All other makes CG/KL/MP,0.9,PENDING,,,
SBI-TW-ELIG-TW5-094,SBI-TW-ELIG-TW5,ELIGIBILITY,DECLINE,,,SBI_GENERAL,TW,BIKE,Royal Enfield,ALL,,,,COMP,STATE_OR_CITY,HIMACHAL PRADESH,HIMACHAL PRADESH,,,,Make declined for COMP in listed states,"PCV, MISD & TW",,TVS declined state CG/KL/MP; HERO CG/KL/MP/RJ/HP; Royal Enfield CG/KL/MP/HP/KA/RJ/TN; SUZUKI CG/KL/MP; YAMAHA CG/KL/MP; All other makes CG/KL/MP,0.9,PENDING,,,
SBI-TW-ELIG-TW5-095,SBI-TW-ELIG-TW5,ELIGIBILITY,DECLINE,,,SBI_GENERAL,TW,BIKE,Royal Enfield,ALL,,,,COMP,STATE_OR_CITY,KARNATAKA,KARNATAKA,,,,Make declined for COMP in listed states,"PCV, MISD & TW",,TVS declined state CG/KL/MP; HERO CG/KL/MP/RJ/HP; Royal Enfield CG/KL/MP/HP/KA/RJ/TN; SUZUKI CG/KL/MP; YAMAHA CG/KL/MP; All other makes CG/KL/MP,0.9,PENDING,,,
SBI-TW-ELIG-TW5-096,SBI-TW-ELIG-TW5,ELIGIBILITY,DECLINE,,,SBI_GENERAL,TW,BIKE,Royal Enfield,ALL,,,,COMP,STATE_OR_CITY,RAJASTHAN,RAJASTHAN,,,,Make declined for COMP in listed states,"PCV, MISD & TW",,TVS declined state CG/KL/MP; HERO CG/KL/MP/RJ/HP; Royal Enfield CG/KL/MP/HP/KA/RJ/TN; SUZUKI CG/KL/MP; YAMAHA CG/KL/MP; All other makes CG/KL/MP,0.9,PENDING,,,
SBI-TW-ELIG-TW5-097,SBI-TW-ELIG-TW5,ELIGIBILITY,DECLINE,,,SBI_GENERAL,TW,BIKE,Royal Enfield,ALL,,,,COMP,STATE_OR_CITY,TAMIL NADU,TAMIL NADU,,,,Make declined for COMP in listed states,"PCV, MISD & TW",,TVS declined state CG/KL/MP; HERO CG/KL/MP/RJ/HP; Royal Enfield CG/KL/MP/HP/KA/RJ/TN; SUZUKI CG/KL/MP; YAMAHA CG/KL/MP; All other makes CG/KL/MP,0.9,PENDING,,,
SBI-TW-ELIG-TW5-098,SBI-TW-ELIG-TW5,ELIGIBILITY,DECLINE,,,SBI_GENERAL,TW,BIKE,Suzuki,ALL,,,,COMP,STATE_OR_CITY,CHATTISGARH,CHATTISGARH,,,,Make declined for COMP in listed states,"PCV, MISD & TW",,TVS declined state CG/KL/MP; HERO CG/KL/MP/RJ/HP; Royal Enfield CG/KL/MP/HP/KA/RJ/TN; SUZUKI CG/KL/MP; YAMAHA CG/KL/MP; All other makes CG/KL/MP,0.9,PENDING,,,
SBI-TW-ELIG-TW5-099,SBI-TW-ELIG-TW5,ELIGIBILITY,DECLINE,,,SBI_GENERAL,TW,BIKE,Suzuki,ALL,,,,COMP,STATE_OR_CITY,KERALA,KERALA,,,,Make declined for COMP in listed states,"PCV, MISD & TW",,TVS declined state CG/KL/MP; HERO CG/KL/MP/RJ/HP; Royal Enfield CG/KL/MP/HP/KA/RJ/TN; SUZUKI CG/KL/MP; YAMAHA CG/KL/MP; All other makes CG/KL/MP,0.9,PENDING,,,
SBI-TW-ELIG-TW5-100,SBI-TW-ELIG-TW5,ELIGIBILITY,DECLINE,,,SBI_GENERAL,TW,BIKE,Suzuki,ALL,,,,COMP,STATE_OR_CITY,MADHYA PRADESH,MADHYA PRADESH,,,,Make declined for COMP in listed states,"PCV, MISD & TW",,TVS declined state CG/KL/MP; HERO CG/KL/MP/RJ/HP; Royal Enfield CG/KL/MP/HP/KA/RJ/TN; SUZUKI CG/KL/MP; YAMAHA CG/KL/MP; All other makes CG/KL/MP,0.9,PENDING,,,
SBI-TW-ELIG-TW5-101,SBI-TW-ELIG-TW5,ELIGIBILITY,DECLINE,,,SBI_GENERAL,TW,BIKE,Yamaha,ALL,,,,COMP,STATE_OR_CITY,CHATTISGARH,CHATTISGARH,,,,Make declined for COMP in listed states,"PCV, MISD & TW",,TVS declined state CG/KL/MP; HERO CG/KL/MP/RJ/HP; Royal Enfield CG/KL/MP/HP/KA/RJ/TN; SUZUKI CG/KL/MP; YAMAHA CG/KL/MP; All other makes CG/KL/MP,0.9,PENDING,,,
SBI-TW-ELIG-TW5-102,SBI-TW-ELIG-TW5,ELIGIBILITY,DECLINE,,,SBI_GENERAL,TW,BIKE,Yamaha,ALL,,,,COMP,STATE_OR_CITY,KERALA,KERALA,,,,Make declined for COMP in listed states,"PCV, MISD & TW",,TVS declined state CG/KL/MP; HERO CG/KL/MP/RJ/HP; Royal Enfield CG/KL/MP/HP/KA/RJ/TN; SUZUKI CG/KL/MP; YAMAHA CG/KL/MP; All other makes CG/KL/MP,0.9,PENDING,,,
SBI-TW-ELIG-TW5-103,SBI-TW-ELIG-TW5,ELIGIBILITY,DECLINE,,,SBI_GENERAL,TW,BIKE,Yamaha,ALL,,,,COMP,STATE_OR_CITY,MADHYA PRADESH,MADHYA PRADESH,,,,Make declined for COMP in listed states,"PCV, MISD & TW",,TVS declined state CG/KL/MP; HERO CG/KL/MP/RJ/HP; Royal Enfield CG/KL/MP/HP/KA/RJ/TN; SUZUKI CG/KL/MP; YAMAHA CG/KL/MP; All other makes CG/KL/MP,0.9,PENDING,,,
SBI-TW-ELIG-TW5-104,SBI-TW-ELIG-TW5,ELIGIBILITY,DECLINE,,,SBI_GENERAL,TW,BIKE,*OTHER*,ALL OTHER MAKES,,,,COMP,STATE_OR_CITY,CHATTISGARH,CHATTISGARH,,,,Make declined for COMP in listed states,"PCV, MISD & TW",,TVS declined state CG/KL/MP; HERO CG/KL/MP/RJ/HP; Royal Enfield CG/KL/MP/HP/KA/RJ/TN; SUZUKI CG/KL/MP; YAMAHA CG/KL/MP; All other makes CG/KL/MP,0.9,PENDING,,,
SBI-TW-ELIG-TW5-105,SBI-TW-ELIG-TW5,ELIGIBILITY,DECLINE,,,SBI_GENERAL,TW,BIKE,*OTHER*,ALL OTHER MAKES,,,,COMP,STATE_OR_CITY,KERALA,KERALA,,,,Make declined for COMP in listed states,"PCV, MISD & TW",,TVS declined state CG/KL/MP; HERO CG/KL/MP/RJ/HP; Royal Enfield CG/KL/MP/HP/KA/RJ/TN; SUZUKI CG/KL/MP; YAMAHA CG/KL/MP; All other makes CG/KL/MP,0.9,PENDING,,,
SBI-TW-ELIG-TW5-106,SBI-TW-ELIG-TW5,ELIGIBILITY,DECLINE,,,SBI_GENERAL,TW,BIKE,*OTHER*,ALL OTHER MAKES,,,,COMP,STATE_OR_CITY,MADHYA PRADESH,MADHYA PRADESH,,,,Make declined for COMP in listed states,"PCV, MISD & TW",,TVS declined state CG/KL/MP; HERO CG/KL/MP/RJ/HP; Royal Enfield CG/KL/MP/HP/KA/RJ/TN; SUZUKI CG/KL/MP; YAMAHA CG/KL/MP; All other makes CG/KL/MP,0.9,PENDING,,,
SBI-TW-ELIG-TW6-107,SBI-TW-ELIG-TW6,ELIGIBILITY,DECLINE,,,SBI_GENERAL,TW,SCOOTER,,,,,,SATP,STATE_OR_CITY,GUJARAT,GUJARAT,,,,TW SATP declined in listed states,"PCV, MISD & TW",,"TW SCOOTER & BIKE SATP Declined RTO List: GJ,PB,CH,KA,TN,AS,RJ,GA,NL,KL,JK,CG,MP,HR,UA/UK,TR,MP,MZ,AR,ML,MN,PY,DD,DN,SK,AN,LD,LA",0.9,PENDING,,,
SBI-TW-ELIG-TW6-108,SBI-TW-ELIG-TW6,ELIGIBILITY,DECLINE,,,SBI_GENERAL,TW,SCOOTER,,,,,,SATP,STATE_OR_CITY,PUNJAB,PUNJAB,,,,TW SATP declined in listed states,"PCV, MISD & TW",,"TW SCOOTER & BIKE SATP Declined RTO List: GJ,PB,CH,KA,TN,AS,RJ,GA,NL,KL,JK,CG,MP,HR,UA/UK,TR,MP,MZ,AR,ML,MN,PY,DD,DN,SK,AN,LD,LA",0.9,PENDING,,,
SBI-TW-ELIG-TW6-109,SBI-TW-ELIG-TW6,ELIGIBILITY,DECLINE,,,SBI_GENERAL,TW,SCOOTER,,,,,,SATP,STATE_OR_CITY,CHANDIGARH,CHANDIGARH,,,,TW SATP declined in listed states,"PCV, MISD & TW",,"TW SCOOTER & BIKE SATP Declined RTO List: GJ,PB,CH,KA,TN,AS,RJ,GA,NL,KL,JK,CG,MP,HR,UA/UK,TR,MP,MZ,AR,ML,MN,PY,DD,DN,SK,AN,LD,LA",0.9,PENDING,,,
SBI-TW-ELIG-TW6-110,SBI-TW-ELIG-TW6,ELIGIBILITY,DECLINE,,,SBI_GENERAL,TW,SCOOTER,,,,,,SATP,STATE_OR_CITY,KARNATAKA,KARNATAKA,,,,TW SATP declined in listed states,"PCV, MISD & TW",,"TW SCOOTER & BIKE SATP Declined RTO List: GJ,PB,CH,KA,TN,AS,RJ,GA,NL,KL,JK,CG,MP,HR,UA/UK,TR,MP,MZ,AR,ML,MN,PY,DD,DN,SK,AN,LD,LA",0.9,PENDING,,,
SBI-TW-ELIG-TW6-111,SBI-TW-ELIG-TW6,ELIGIBILITY,DECLINE,,,SBI_GENERAL,TW,SCOOTER,,,,,,SATP,STATE_OR_CITY,TAMIL NADU,TAMIL NADU,,,,TW SATP declined in listed states,"PCV, MISD & TW",,"TW SCOOTER & BIKE SATP Declined RTO List: GJ,PB,CH,KA,TN,AS,RJ,GA,NL,KL,JK,CG,MP,HR,UA/UK,TR,MP,MZ,AR,ML,MN,PY,DD,DN,SK,AN,LD,LA",0.9,PENDING,,,
SBI-TW-ELIG-TW6-112,SBI-TW-ELIG-TW6,ELIGIBILITY,DECLINE,,,SBI_GENERAL,TW,SCOOTER,,,,,,SATP,STATE_OR_CITY,ASSAM,ASSAM,,,,TW SATP declined in listed states,"PCV, MISD & TW",,"TW SCOOTER & BIKE SATP Declined RTO List: GJ,PB,CH,KA,TN,AS,RJ,GA,NL,KL,JK,CG,MP,HR,UA/UK,TR,MP,MZ,AR,ML,MN,PY,DD,DN,SK,AN,LD,LA",0.9,PENDING,,,
SBI-TW-ELIG-TW6-113,SBI-TW-ELIG-TW6,ELIGIBILITY,DECLINE,,,SBI_GENERAL,TW,SCOOTER,,,,,,SATP,STATE_OR_CITY,RAJASTHAN,RAJASTHAN,,,,TW SATP declined in listed states,"PCV, MISD & TW",,"TW SCOOTER & BIKE SATP Declined RTO List: GJ,PB,CH,KA,TN,AS,RJ,GA,NL,KL,JK,CG,MP,HR,UA/UK,TR,MP,MZ,AR,ML,MN,PY,DD,DN,SK,AN,LD,LA",0.9,PENDING,,,
SBI-TW-ELIG-TW6-114,SBI-TW-ELIG-TW6,ELIGIBILITY,DECLINE,,,SBI_GENERAL,TW,SCOOTER,,,,,,SATP,STATE_OR_CITY,GOA,GOA,,,,TW SATP declined in listed states,"PCV, MISD & TW",,"TW SCOOTER & BIKE SATP Declined RTO List: GJ,PB,CH,KA,TN,AS,RJ,GA,NL,KL,JK,CG,MP,HR,UA/UK,TR,MP,MZ,AR,ML,MN,PY,DD,DN,SK,AN,LD,LA",0.9,PENDING,,,
SBI-TW-ELIG-TW6-115,SBI-TW-ELIG-TW6,ELIGIBILITY,DECLINE,,,SBI_GENERAL,TW,SCOOTER,,,,,,SATP,STATE_OR_CITY,NAGALAND,NAGALAND,,,,TW SATP declined in listed states,"PCV, MISD & TW",,"TW SCOOTER & BIKE SATP Declined RTO List: GJ,PB,CH,KA,TN,AS,RJ,GA,NL,KL,JK,CG,MP,HR,UA/UK,TR,MP,MZ,AR,ML,MN,PY,DD,DN,SK,AN,LD,LA",0.9,PENDING,,,
SBI-TW-ELIG-TW6-116,SBI-TW-ELIG-TW6,ELIGIBILITY,DECLINE,,,SBI_GENERAL,TW,SCOOTER,,,,,,SATP,STATE_OR_CITY,KERALA,KERALA,,,,TW SATP declined in listed states,"PCV, MISD & TW",,"TW SCOOTER & BIKE SATP Declined RTO List: GJ,PB,CH,KA,TN,AS,RJ,GA,NL,KL,JK,CG,MP,HR,UA/UK,TR,MP,MZ,AR,ML,MN,PY,DD,DN,SK,AN,LD,LA",0.9,PENDING,,,
SBI-TW-ELIG-TW6-117,SBI-TW-ELIG-TW6,ELIGIBILITY,DECLINE,,,SBI_GENERAL,TW,SCOOTER,,,,,,SATP,STATE_OR_CITY,JAMMU AND KASHMIR,JAMMU AND KASHMIR,,,,TW SATP declined in listed states,"PCV, MISD & TW",,"TW SCOOTER & BIKE SATP Declined RTO List: GJ,PB,CH,KA,TN,AS,RJ,GA,NL,KL,JK,CG,MP,HR,UA/UK,TR,MP,MZ,AR,ML,MN,PY,DD,DN,SK,AN,LD,LA",0.9,PENDING,,,
SBI-TW-ELIG-TW6-118,SBI-TW-ELIG-TW6,ELIGIBILITY,DECLINE,,,SBI_GENERAL,TW,SCOOTER,,,,,,SATP,STATE_OR_CITY,CHATTISGARH,CHATTISGARH,,,,TW SATP declined in listed states,"PCV, MISD & TW",,"TW SCOOTER & BIKE SATP Declined RTO List: GJ,PB,CH,KA,TN,AS,RJ,GA,NL,KL,JK,CG,MP,HR,UA/UK,TR,MP,MZ,AR,ML,MN,PY,DD,DN,SK,AN,LD,LA",0.9,PENDING,,,
SBI-TW-ELIG-TW6-119,SBI-TW-ELIG-TW6,ELIGIBILITY,DECLINE,,,SBI_GENERAL,TW,SCOOTER,,,,,,SATP,STATE_OR_CITY,MADHYA PRADESH,MADHYA PRADESH,,,,TW SATP declined in listed states,"PCV, MISD & TW",,"TW SCOOTER & BIKE SATP Declined RTO List: GJ,PB,CH,KA,TN,AS,RJ,GA,NL,KL,JK,CG,MP,HR,UA/UK,TR,MP,MZ,AR,ML,MN,PY,DD,DN,SK,AN,LD,LA",0.9,PENDING,,,
SBI-TW-ELIG-TW6-120,SBI-TW-ELIG-TW6,ELIGIBILITY,DECLINE,,,SBI_GENERAL,TW,SCOOTER,,,,,,SATP,STATE_OR_CITY,HARYANA,HARYANA,,,,TW SATP declined in listed states,"PCV, MISD & TW",,"TW SCOOTER & BIKE SATP Declined RTO List: GJ,PB,CH,KA,TN,AS,RJ,GA,NL,KL,JK,CG,MP,HR,UA/UK,TR,MP,MZ,AR,ML,MN,PY,DD,DN,SK,AN,LD,LA",0.9,PENDING,,,
SBI-TW-ELIG-TW6-121,SBI-TW-ELIG-TW6,ELIGIBILITY,DECLINE,,,SBI_GENERAL,TW,SCOOTER,,,,,,SATP,STATE_OR_CITY,UTTARAKHAND,UTTARAKHAND,,,,TW SATP declined in listed states,"PCV, MISD & TW",,"TW SCOOTER & BIKE SATP Declined RTO List: GJ,PB,CH,KA,TN,AS,RJ,GA,NL,KL,JK,CG,MP,HR,UA/UK,TR,MP,MZ,AR,ML,MN,PY,DD,DN,SK,AN,LD,LA",0.9,PENDING,,,
SBI-TW-ELIG-TW6-122,SBI-TW-ELIG-TW6,ELIGIBILITY,DECLINE,,,SBI_GENERAL,TW,SCOOTER,,,,,,SATP,STATE_OR_CITY,TRIPURA,TRIPURA,,,,TW SATP declined in listed states,"PCV, MISD & TW",,"TW SCOOTER & BIKE SATP Declined RTO List: GJ,PB,CH,KA,TN,AS,RJ,GA,NL,KL,JK,CG,MP,HR,UA/UK,TR,MP,MZ,AR,ML,MN,PY,DD,DN,SK,AN,LD,LA",0.9,PENDING,,,
SBI-TW-ELIG-TW6-123,SBI-TW-ELIG-TW6,ELIGIBILITY,DECLINE,,,SBI_GENERAL,TW,SCOOTER,,,,,,SATP,STATE_OR_CITY,MIZORAM,MIZORAM,,,,TW SATP declined in listed states,"PCV, MISD & TW",,"TW SCOOTER & BIKE SATP Declined RTO List: GJ,PB,CH,KA,TN,AS,RJ,GA,NL,KL,JK,CG,MP,HR,UA/UK,TR,MP,MZ,AR,ML,MN,PY,DD,DN,SK,AN,LD,LA",0.9,PENDING,,,
SBI-TW-ELIG-TW6-124,SBI-TW-ELIG-TW6,ELIGIBILITY,DECLINE,,,SBI_GENERAL,TW,SCOOTER,,,,,,SATP,STATE_OR_CITY,ARUNACHAL PRADESH,ARUNACHAL PRADESH,,,,TW SATP declined in listed states,"PCV, MISD & TW",,"TW SCOOTER & BIKE SATP Declined RTO List: GJ,PB,CH,KA,TN,AS,RJ,GA,NL,KL,JK,CG,MP,HR,UA/UK,TR,MP,MZ,AR,ML,MN,PY,DD,DN,SK,AN,LD,LA",0.9,PENDING,,,
SBI-TW-ELIG-TW6-125,SBI-TW-ELIG-TW6,ELIGIBILITY,DECLINE,,,SBI_GENERAL,TW,SCOOTER,,,,,,SATP,STATE_OR_CITY,MEGHALAYA,MEGHALAYA,,,,TW SATP declined in listed states,"PCV, MISD & TW",,"TW SCOOTER & BIKE SATP Declined RTO List: GJ,PB,CH,KA,TN,AS,RJ,GA,NL,KL,JK,CG,MP,HR,UA/UK,TR,MP,MZ,AR,ML,MN,PY,DD,DN,SK,AN,LD,LA",0.9,PENDING,,,
SBI-TW-ELIG-TW6-126,SBI-TW-ELIG-TW6,ELIGIBILITY,DECLINE,,,SBI_GENERAL,TW,SCOOTER,,,,,,SATP,STATE_OR_CITY,MANIPUR,MANIPUR,,,,TW SATP declined in listed states,"PCV, MISD & TW",,"TW SCOOTER & BIKE SATP Declined RTO List: GJ,PB,CH,KA,TN,AS,RJ,GA,NL,KL,JK,CG,MP,HR,UA/UK,TR,MP,MZ,AR,ML,MN,PY,DD,DN,SK,AN,LD,LA",0.9,PENDING,,,
SBI-TW-ELIG-TW6-127,SBI-TW-ELIG-TW6,ELIGIBILITY,DECLINE,,,SBI_GENERAL,TW,SCOOTER,,,,,,SATP,STATE_OR_CITY,PONDICHERRY,PONDICHERRY,,,,TW SATP declined in listed states,"PCV, MISD & TW",,"TW SCOOTER & BIKE SATP Declined RTO List: GJ,PB,CH,KA,TN,AS,RJ,GA,NL,KL,JK,CG,MP,HR,UA/UK,TR,MP,MZ,AR,ML,MN,PY,DD,DN,SK,AN,LD,LA",0.9,PENDING,,,
SBI-TW-ELIG-TW6-128,SBI-TW-ELIG-TW6,ELIGIBILITY,DECLINE,,,SBI_GENERAL,TW,SCOOTER,,,,,,SATP,STATE_OR_CITY,DADRA AND NAGAR HAVELI,DAMAN & DIU,,,,TW SATP declined in listed states,"PCV, MISD & TW",,"TW SCOOTER & BIKE SATP Declined RTO List: GJ,PB,CH,KA,TN,AS,RJ,GA,NL,KL,JK,CG,MP,HR,UA/UK,TR,MP,MZ,AR,ML,MN,PY,DD,DN,SK,AN,LD,LA",0.9,PENDING,,,
SBI-TW-ELIG-TW6-129,SBI-TW-ELIG-TW6,ELIGIBILITY,DECLINE,,,SBI_GENERAL,TW,SCOOTER,,,,,,SATP,STATE_OR_CITY,DAMAN AND DIU,,,,,TW SATP declined in listed states,"PCV, MISD & TW",,"TW SCOOTER & BIKE SATP Declined RTO List: GJ,PB,CH,KA,TN,AS,RJ,GA,NL,KL,JK,CG,MP,HR,UA/UK,TR,MP,MZ,AR,ML,MN,PY,DD,DN,SK,AN,LD,LA",0.9,PENDING,,,
SBI-TW-ELIG-TW6-130,SBI-TW-ELIG-TW6,ELIGIBILITY,DECLINE,,,SBI_GENERAL,TW,SCOOTER,,,,,,SATP,STATE_OR_CITY,SIKKIM,SIKKIM,,,,TW SATP declined in listed states,"PCV, MISD & TW",,"TW SCOOTER & BIKE SATP Declined RTO List: GJ,PB,CH,KA,TN,AS,RJ,GA,NL,KL,JK,CG,MP,HR,UA/UK,TR,MP,MZ,AR,ML,MN,PY,DD,DN,SK,AN,LD,LA",0.9,PENDING,,,
SBI-TW-ELIG-TW6-131,SBI-TW-ELIG-TW6,ELIGIBILITY,DECLINE,,,SBI_GENERAL,TW,SCOOTER,,,,,,SATP,STATE_OR_CITY,ANDAMAN,,,,,TW SATP declined in listed states,"PCV, MISD & TW",,"TW SCOOTER & BIKE SATP Declined RTO List: GJ,PB,CH,KA,TN,AS,RJ,GA,NL,KL,JK,CG,MP,HR,UA/UK,TR,MP,MZ,AR,ML,MN,PY,DD,DN,SK,AN,LD,LA",0.9,PENDING,,,
SBI-TW-ELIG-TW6-132,SBI-TW-ELIG-TW6,ELIGIBILITY,DECLINE,,,SBI_GENERAL,TW,SCOOTER,,,,,,SATP,STATE_OR_CITY,LAKSHADWEEP,LAKSHADWEEP,,,,TW SATP declined in listed states,"PCV, MISD & TW",,"TW SCOOTER & BIKE SATP Declined RTO List: GJ,PB,CH,KA,TN,AS,RJ,GA,NL,KL,JK,CG,MP,HR,UA/UK,TR,MP,MZ,AR,ML,MN,PY,DD,DN,SK,AN,LD,LA",0.9,PENDING,,,
SBI-TW-ELIG-TW6-133,SBI-TW-ELIG-TW6,ELIGIBILITY,DECLINE,,,SBI_GENERAL,TW,SCOOTER,,,,,,SATP,STATE_OR_CITY,LADAKH,LADAKH,,,,TW SATP declined in listed states,"PCV, MISD & TW",,"TW SCOOTER & BIKE SATP Declined RTO List: GJ,PB,CH,KA,TN,AS,RJ,GA,NL,KL,JK,CG,MP,HR,UA/UK,TR,MP,MZ,AR,ML,MN,PY,DD,DN,SK,AN,LD,LA",0.9,PENDING,,,
SBI-TW-ELIG-TW6-134,SBI-TW-ELIG-TW6,ELIGIBILITY,DECLINE,,,SBI_GENERAL,TW,BIKE,,,,,,SATP,STATE_OR_CITY,GUJARAT,GUJARAT,,,,TW SATP declined in listed states,"PCV, MISD & TW",,"TW SCOOTER & BIKE SATP Declined RTO List: GJ,PB,CH,KA,TN,AS,RJ,GA,NL,KL,JK,CG,MP,HR,UA/UK,TR,MP,MZ,AR,ML,MN,PY,DD,DN,SK,AN,LD,LA",0.9,PENDING,,,
SBI-TW-ELIG-TW6-135,SBI-TW-ELIG-TW6,ELIGIBILITY,DECLINE,,,SBI_GENERAL,TW,BIKE,,,,,,SATP,STATE_OR_CITY,PUNJAB,PUNJAB,,,,TW SATP declined in listed states,"PCV, MISD & TW",,"TW SCOOTER & BIKE SATP Declined RTO List: GJ,PB,CH,KA,TN,AS,RJ,GA,NL,KL,JK,CG,MP,HR,UA/UK,TR,MP,MZ,AR,ML,MN,PY,DD,DN,SK,AN,LD,LA",0.9,PENDING,,,
SBI-TW-ELIG-TW6-136,SBI-TW-ELIG-TW6,ELIGIBILITY,DECLINE,,,SBI_GENERAL,TW,BIKE,,,,,,SATP,STATE_OR_CITY,CHANDIGARH,CHANDIGARH,,,,TW SATP declined in listed states,"PCV, MISD & TW",,"TW SCOOTER & BIKE SATP Declined RTO List: GJ,PB,CH,KA,TN,AS,RJ,GA,NL,KL,JK,CG,MP,HR,UA/UK,TR,MP,MZ,AR,ML,MN,PY,DD,DN,SK,AN,LD,LA",0.9,PENDING,,,
SBI-TW-ELIG-TW6-137,SBI-TW-ELIG-TW6,ELIGIBILITY,DECLINE,,,SBI_GENERAL,TW,BIKE,,,,,,SATP,STATE_OR_CITY,KARNATAKA,KARNATAKA,,,,TW SATP declined in listed states,"PCV, MISD & TW",,"TW SCOOTER & BIKE SATP Declined RTO List: GJ,PB,CH,KA,TN,AS,RJ,GA,NL,KL,JK,CG,MP,HR,UA/UK,TR,MP,MZ,AR,ML,MN,PY,DD,DN,SK,AN,LD,LA",0.9,PENDING,,,
SBI-TW-ELIG-TW6-138,SBI-TW-ELIG-TW6,ELIGIBILITY,DECLINE,,,SBI_GENERAL,TW,BIKE,,,,,,SATP,STATE_OR_CITY,TAMIL NADU,TAMIL NADU,,,,TW SATP declined in listed states,"PCV, MISD & TW",,"TW SCOOTER & BIKE SATP Declined RTO List: GJ,PB,CH,KA,TN,AS,RJ,GA,NL,KL,JK,CG,MP,HR,UA/UK,TR,MP,MZ,AR,ML,MN,PY,DD,DN,SK,AN,LD,LA",0.9,PENDING,,,
SBI-TW-ELIG-TW6-139,SBI-TW-ELIG-TW6,ELIGIBILITY,DECLINE,,,SBI_GENERAL,TW,BIKE,,,,,,SATP,STATE_OR_CITY,ASSAM,ASSAM,,,,TW SATP declined in listed states,"PCV, MISD & TW",,"TW SCOOTER & BIKE SATP Declined RTO List: GJ,PB,CH,KA,TN,AS,RJ,GA,NL,KL,JK,CG,MP,HR,UA/UK,TR,MP,MZ,AR,ML,MN,PY,DD,DN,SK,AN,LD,LA",0.9,PENDING,,,
SBI-TW-ELIG-TW6-140,SBI-TW-ELIG-TW6,ELIGIBILITY,DECLINE,,,SBI_GENERAL,TW,BIKE,,,,,,SATP,STATE_OR_CITY,RAJASTHAN,RAJASTHAN,,,,TW SATP declined in listed states,"PCV, MISD & TW",,"TW SCOOTER & BIKE SATP Declined RTO List: GJ,PB,CH,KA,TN,AS,RJ,GA,NL,KL,JK,CG,MP,HR,UA/UK,TR,MP,MZ,AR,ML,MN,PY,DD,DN,SK,AN,LD,LA",0.9,PENDING,,,
SBI-TW-ELIG-TW6-141,SBI-TW-ELIG-TW6,ELIGIBILITY,DECLINE,,,SBI_GENERAL,TW,BIKE,,,,,,SATP,STATE_OR_CITY,GOA,GOA,,,,TW SATP declined in listed states,"PCV, MISD & TW",,"TW SCOOTER & BIKE SATP Declined RTO List: GJ,PB,CH,KA,TN,AS,RJ,GA,NL,KL,JK,CG,MP,HR,UA/UK,TR,MP,MZ,AR,ML,MN,PY,DD,DN,SK,AN,LD,LA",0.9,PENDING,,,
SBI-TW-ELIG-TW6-142,SBI-TW-ELIG-TW6,ELIGIBILITY,DECLINE,,,SBI_GENERAL,TW,BIKE,,,,,,SATP,STATE_OR_CITY,NAGALAND,NAGALAND,,,,TW SATP declined in listed states,"PCV, MISD & TW",,"TW SCOOTER & BIKE SATP Declined RTO List: GJ,PB,CH,KA,TN,AS,RJ,GA,NL,KL,JK,CG,MP,HR,UA/UK,TR,MP,MZ,AR,ML,MN,PY,DD,DN,SK,AN,LD,LA",0.9,PENDING,,,
SBI-TW-ELIG-TW6-143,SBI-TW-ELIG-TW6,ELIGIBILITY,DECLINE,,,SBI_GENERAL,TW,BIKE,,,,,,SATP,STATE_OR_CITY,KERALA,KERALA,,,,TW SATP declined in listed states,"PCV, MISD & TW",,"TW SCOOTER & BIKE SATP Declined RTO List: GJ,PB,CH,KA,TN,AS,RJ,GA,NL,KL,JK,CG,MP,HR,UA/UK,TR,MP,MZ,AR,ML,MN,PY,DD,DN,SK,AN,LD,LA",0.9,PENDING,,,
SBI-TW-ELIG-TW6-144,SBI-TW-ELIG-TW6,ELIGIBILITY,DECLINE,,,SBI_GENERAL,TW,BIKE,,,,,,SATP,STATE_OR_CITY,JAMMU AND KASHMIR,JAMMU AND KASHMIR,,,,TW SATP declined in listed states,"PCV, MISD & TW",,"TW SCOOTER & BIKE SATP Declined RTO List: GJ,PB,CH,KA,TN,AS,RJ,GA,NL,KL,JK,CG,MP,HR,UA/UK,TR,MP,MZ,AR,ML,MN,PY,DD,DN,SK,AN,LD,LA",0.9,PENDING,,,
SBI-TW-ELIG-TW6-145,SBI-TW-ELIG-TW6,ELIGIBILITY,DECLINE,,,SBI_GENERAL,TW,BIKE,,,,,,SATP,STATE_OR_CITY,CHATTISGARH,CHATTISGARH,,,,TW SATP declined in listed states,"PCV, MISD & TW",,"TW SCOOTER & BIKE SATP Declined RTO List: GJ,PB,CH,KA,TN,AS,RJ,GA,NL,KL,JK,CG,MP,HR,UA/UK,TR,MP,MZ,AR,ML,MN,PY,DD,DN,SK,AN,LD,LA",0.9,PENDING,,,
SBI-TW-ELIG-TW6-146,SBI-TW-ELIG-TW6,ELIGIBILITY,DECLINE,,,SBI_GENERAL,TW,BIKE,,,,,,SATP,STATE_OR_CITY,MADHYA PRADESH,MADHYA PRADESH,,,,TW SATP declined in listed states,"PCV, MISD & TW",,"TW SCOOTER & BIKE SATP Declined RTO List: GJ,PB,CH,KA,TN,AS,RJ,GA,NL,KL,JK,CG,MP,HR,UA/UK,TR,MP,MZ,AR,ML,MN,PY,DD,DN,SK,AN,LD,LA",0.9,PENDING,,,
SBI-TW-ELIG-TW6-147,SBI-TW-ELIG-TW6,ELIGIBILITY,DECLINE,,,SBI_GENERAL,TW,BIKE,,,,,,SATP,STATE_OR_CITY,HARYANA,HARYANA,,,,TW SATP declined in listed states,"PCV, MISD & TW",,"TW SCOOTER & BIKE SATP Declined RTO List: GJ,PB,CH,KA,TN,AS,RJ,GA,NL,KL,JK,CG,MP,HR,UA/UK,TR,MP,MZ,AR,ML,MN,PY,DD,DN,SK,AN,LD,LA",0.9,PENDING,,,
SBI-TW-ELIG-TW6-148,SBI-TW-ELIG-TW6,ELIGIBILITY,DECLINE,,,SBI_GENERAL,TW,BIKE,,,,,,SATP,STATE_OR_CITY,UTTARAKHAND,UTTARAKHAND,,,,TW SATP declined in listed states,"PCV, MISD & TW",,"TW SCOOTER & BIKE SATP Declined RTO List: GJ,PB,CH,KA,TN,AS,RJ,GA,NL,KL,JK,CG,MP,HR,UA/UK,TR,MP,MZ,AR,ML,MN,PY,DD,DN,SK,AN,LD,LA",0.9,PENDING,,,
SBI-TW-ELIG-TW6-149,SBI-TW-ELIG-TW6,ELIGIBILITY,DECLINE,,,SBI_GENERAL,TW,BIKE,,,,,,SATP,STATE_OR_CITY,TRIPURA,TRIPURA,,,,TW SATP declined in listed states,"PCV, MISD & TW",,"TW SCOOTER & BIKE SATP Declined RTO List: GJ,PB,CH,KA,TN,AS,RJ,GA,NL,KL,JK,CG,MP,HR,UA/UK,TR,MP,MZ,AR,ML,MN,PY,DD,DN,SK,AN,LD,LA",0.9,PENDING,,,
SBI-TW-ELIG-TW6-150,SBI-TW-ELIG-TW6,ELIGIBILITY,DECLINE,,,SBI_GENERAL,TW,BIKE,,,,,,SATP,STATE_OR_CITY,MIZORAM,MIZORAM,,,,TW SATP declined in listed states,"PCV, MISD & TW",,"TW SCOOTER & BIKE SATP Declined RTO List: GJ,PB,CH,KA,TN,AS,RJ,GA,NL,KL,JK,CG,MP,HR,UA/UK,TR,MP,MZ,AR,ML,MN,PY,DD,DN,SK,AN,LD,LA",0.9,PENDING,,,
SBI-TW-ELIG-TW6-151,SBI-TW-ELIG-TW6,ELIGIBILITY,DECLINE,,,SBI_GENERAL,TW,BIKE,,,,,,SATP,STATE_OR_CITY,ARUNACHAL PRADESH,ARUNACHAL PRADESH,,,,TW SATP declined in listed states,"PCV, MISD & TW",,"TW SCOOTER & BIKE SATP Declined RTO List: GJ,PB,CH,KA,TN,AS,RJ,GA,NL,KL,JK,CG,MP,HR,UA/UK,TR,MP,MZ,AR,ML,MN,PY,DD,DN,SK,AN,LD,LA",0.9,PENDING,,,
SBI-TW-ELIG-TW6-152,SBI-TW-ELIG-TW6,ELIGIBILITY,DECLINE,,,SBI_GENERAL,TW,BIKE,,,,,,SATP,STATE_OR_CITY,MEGHALAYA,MEGHALAYA,,,,TW SATP declined in listed states,"PCV, MISD & TW",,"TW SCOOTER & BIKE SATP Declined RTO List: GJ,PB,CH,KA,TN,AS,RJ,GA,NL,KL,JK,CG,MP,HR,UA/UK,TR,MP,MZ,AR,ML,MN,PY,DD,DN,SK,AN,LD,LA",0.9,PENDING,,,
SBI-TW-ELIG-TW6-153,SBI-TW-ELIG-TW6,ELIGIBILITY,DECLINE,,,SBI_GENERAL,TW,BIKE,,,,,,SATP,STATE_OR_CITY,MANIPUR,MANIPUR,,,,TW SATP declined in listed states,"PCV, MISD & TW",,"TW SCOOTER & BIKE SATP Declined RTO List: GJ,PB,CH,KA,TN,AS,RJ,GA,NL,KL,JK,CG,MP,HR,UA/UK,TR,MP,MZ,AR,ML,MN,PY,DD,DN,SK,AN,LD,LA",0.9,PENDING,,,
SBI-TW-ELIG-TW6-154,SBI-TW-ELIG-TW6,ELIGIBILITY,DECLINE,,,SBI_GENERAL,TW,BIKE,,,,,,SATP,STATE_OR_CITY,PONDICHERRY,PONDICHERRY,,,,TW SATP declined in listed states,"PCV, MISD & TW",,"TW SCOOTER & BIKE SATP Declined RTO List: GJ,PB,CH,KA,TN,AS,RJ,GA,NL,KL,JK,CG,MP,HR,UA/UK,TR,MP,MZ,AR,ML,MN,PY,DD,DN,SK,AN,LD,LA",0.9,PENDING,,,
SBI-TW-ELIG-TW6-155,SBI-TW-ELIG-TW6,ELIGIBILITY,DECLINE,,,SBI_GENERAL,TW,BIKE,,,,,,SATP,STATE_OR_CITY,DADRA AND NAGAR HAVELI,DAMAN & DIU,,,,TW SATP declined in listed states,"PCV, MISD & TW",,"TW SCOOTER & BIKE SATP Declined RTO List: GJ,PB,CH,KA,TN,AS,RJ,GA,NL,KL,JK,CG,MP,HR,UA/UK,TR,MP,MZ,AR,ML,MN,PY,DD,DN,SK,AN,LD,LA",0.9,PENDING,,,
SBI-TW-ELIG-TW6-156,SBI-TW-ELIG-TW6,ELIGIBILITY,DECLINE,,,SBI_GENERAL,TW,BIKE,,,,,,SATP,STATE_OR_CITY,DAMAN AND DIU,,,,,TW SATP declined in listed states,"PCV, MISD & TW",,"TW SCOOTER & BIKE SATP Declined RTO List: GJ,PB,CH,KA,TN,AS,RJ,GA,NL,KL,JK,CG,MP,HR,UA/UK,TR,MP,MZ,AR,ML,MN,PY,DD,DN,SK,AN,LD,LA",0.9,PENDING,,,
SBI-TW-ELIG-TW6-157,SBI-TW-ELIG-TW6,ELIGIBILITY,DECLINE,,,SBI_GENERAL,TW,BIKE,,,,,,SATP,STATE_OR_CITY,SIKKIM,SIKKIM,,,,TW SATP declined in listed states,"PCV, MISD & TW",,"TW SCOOTER & BIKE SATP Declined RTO List: GJ,PB,CH,KA,TN,AS,RJ,GA,NL,KL,JK,CG,MP,HR,UA/UK,TR,MP,MZ,AR,ML,MN,PY,DD,DN,SK,AN,LD,LA",0.9,PENDING,,,
SBI-TW-ELIG-TW6-158,SBI-TW-ELIG-TW6,ELIGIBILITY,DECLINE,,,SBI_GENERAL,TW,BIKE,,,,,,SATP,STATE_OR_CITY,ANDAMAN,,,,,TW SATP declined in listed states,"PCV, MISD & TW",,"TW SCOOTER & BIKE SATP Declined RTO List: GJ,PB,CH,KA,TN,AS,RJ,GA,NL,KL,JK,CG,MP,HR,UA/UK,TR,MP,MZ,AR,ML,MN,PY,DD,DN,SK,AN,LD,LA",0.9,PENDING,,,
SBI-TW-ELIG-TW6-159,SBI-TW-ELIG-TW6,ELIGIBILITY,DECLINE,,,SBI_GENERAL,TW,BIKE,,,,,,SATP,STATE_OR_CITY,LAKSHADWEEP,LAKSHADWEEP,,,,TW SATP declined in listed states,"PCV, MISD & TW",,"TW SCOOTER & BIKE SATP Declined RTO List: GJ,PB,CH,KA,TN,AS,RJ,GA,NL,KL,JK,CG,MP,HR,UA/UK,TR,MP,MZ,AR,ML,MN,PY,DD,DN,SK,AN,LD,LA",0.9,PENDING,,,
SBI-TW-ELIG-TW6-160,SBI-TW-ELIG-TW6,ELIGIBILITY,DECLINE,,,SBI_GENERAL,TW,BIKE,,,,,,SATP,STATE_OR_CITY,LADAKH,LADAKH,,,,TW SATP declined in listed states,"PCV, MISD & TW",,"TW SCOOTER & BIKE SATP Declined RTO List: GJ,PB,CH,KA,TN,AS,RJ,GA,NL,KL,JK,CG,MP,HR,UA/UK,TR,MP,MZ,AR,ML,MN,PY,DD,DN,SK,AN,LD,LA",0.9,PENDING,,,
SBI-TW-ELIG-TW3-161,SBI-TW-ELIG-TW3,ELIGIBILITY,ALLOW,,,SBI_GENERAL,TW,SCOOTER,,,,,,COMP,STATE_OR_CITY,GUJARAT,GUJARAT,,,,Doable geo (allow-list),"PCV, MISD & TW",,"TW SCOOTER COMP doable RTOs- GJ-All, HP-All, KA-All, MH-All, NE-SAOD only, PY-SAOD only, RJ-All, UP Eastern-All, TN-(list)",0.85,PENDING,,,
SBI-TW-ELIG-TW3-162,SBI-TW-ELIG-TW3,ELIGIBILITY,ALLOW,,,SBI_GENERAL,TW,SCOOTER,,,,,,COMP,STATE_OR_CITY,HIMACHAL PRADESH,HIMACHAL PRADESH,,,,Doable geo (allow-list),"PCV, MISD & TW",,"TW SCOOTER COMP doable RTOs- GJ-All, HP-All, KA-All, MH-All, NE-SAOD only, PY-SAOD only, RJ-All, UP Eastern-All, TN-(list)",0.85,PENDING,,,
SBI-TW-ELIG-TW3-163,SBI-TW-ELIG-TW3,ELIGIBILITY,ALLOW,,,SBI_GENERAL,TW,SCOOTER,,,,,,COMP,STATE_OR_CITY,KARNATAKA,KARNATAKA,,,,Doable geo (allow-list),"PCV, MISD & TW",,"TW SCOOTER COMP doable RTOs- GJ-All, HP-All, KA-All, MH-All, NE-SAOD only, PY-SAOD only, RJ-All, UP Eastern-All, TN-(list)",0.85,PENDING,,,
SBI-TW-ELIG-TW3-164,SBI-TW-ELIG-TW3,ELIGIBILITY,ALLOW,,,SBI_GENERAL,TW,SCOOTER,,,,,,COMP,STATE_OR_CITY,MAHARASHTRA,MAHARASHTRA,,,,Doable geo (allow-list),"PCV, MISD & TW",,"TW SCOOTER COMP doable RTOs- GJ-All, HP-All, KA-All, MH-All, NE-SAOD only, PY-SAOD only, RJ-All, UP Eastern-All, TN-(list)",0.85,PENDING,,,
SBI-TW-ELIG-TW3-165,SBI-TW-ELIG-TW3,ELIGIBILITY,ALLOW,,,SBI_GENERAL,TW,SCOOTER,,,,,,COMP,STATE_OR_CITY,RAJASTHAN,RAJASTHAN,,,,Doable geo (allow-list),"PCV, MISD & TW",,"TW SCOOTER COMP doable RTOs- GJ-All, HP-All, KA-All, MH-All, NE-SAOD only, PY-SAOD only, RJ-All, UP Eastern-All, TN-(list)",0.85,PENDING,,,
SBI-TW-ELIG-TW3-166,SBI-TW-ELIG-TW3,ELIGIBILITY,ALLOW,,,SBI_GENERAL,TW,SCOOTER,,,,,,COMP,REGION,UTTAR PRADESH (Eastern),UTTAR PRADESH,,,,Doable geo (allow-list),"PCV, MISD & TW",,"TW SCOOTER COMP doable RTOs- GJ-All, HP-All, KA-All, MH-All, NE-SAOD only, PY-SAOD only, RJ-All, UP Eastern-All, TN-(list)",0.85,PENDING,,,
SBI-TW-ELIG-TW3-167,SBI-TW-ELIG-TW3,ELIGIBILITY,ALLOW,,,SBI_GENERAL,TW,SCOOTER,,,,,,COMP,RTO_CODE,TN33,TAMIL NADU,TN33,,,Doable RTO (allow-list),"PCV, MISD & TW",,"TW SCOOTER COMP doable RTOs- GJ-All, HP-All, KA-All, MH-All, NE-SAOD only, PY-SAOD only, RJ-All, UP Eastern-All, TN-(list)",0.85,PENDING,,,
SBI-TW-ELIG-TW3-168,SBI-TW-ELIG-TW3,ELIGIBILITY,ALLOW,,,SBI_GENERAL,TW,SCOOTER,,,,,,COMP,RTO_CODE,TN34,TAMIL NADU,TN34,,,Doable RTO (allow-list),"PCV, MISD & TW",,"TW SCOOTER COMP doable RTOs- GJ-All, HP-All, KA-All, MH-All, NE-SAOD only, PY-SAOD only, RJ-All, UP Eastern-All, TN-(list)",0.85,PENDING,,,
SBI-TW-ELIG-TW3-169,SBI-TW-ELIG-TW3,ELIGIBILITY,ALLOW,,,SBI_GENERAL,TW,SCOOTER,,,,,,COMP,RTO_CODE,TN36,TAMIL NADU,TN36,,,Doable RTO (allow-list),"PCV, MISD & TW",,"TW SCOOTER COMP doable RTOs- GJ-All, HP-All, KA-All, MH-All, NE-SAOD only, PY-SAOD only, RJ-All, UP Eastern-All, TN-(list)",0.85,PENDING,,,
SBI-TW-ELIG-TW3-170,SBI-TW-ELIG-TW3,ELIGIBILITY,ALLOW,,,SBI_GENERAL,TW,SCOOTER,,,,,,COMP,RTO_CODE,TN37,TAMIL NADU,TN37,,,Doable RTO (allow-list),"PCV, MISD & TW",,"TW SCOOTER COMP doable RTOs- GJ-All, HP-All, KA-All, MH-All, NE-SAOD only, PY-SAOD only, RJ-All, UP Eastern-All, TN-(list)",0.85,PENDING,,,
SBI-TW-ELIG-TW3-171,SBI-TW-ELIG-TW3,ELIGIBILITY,ALLOW,,,SBI_GENERAL,TW,SCOOTER,,,,,,COMP,RTO_CODE,TN38,TAMIL NADU,TN38,,,Doable RTO (allow-list),"PCV, MISD & TW",,"TW SCOOTER COMP doable RTOs- GJ-All, HP-All, KA-All, MH-All, NE-SAOD only, PY-SAOD only, RJ-All, UP Eastern-All, TN-(list)",0.85,PENDING,,,
SBI-TW-ELIG-TW3-172,SBI-TW-ELIG-TW3,ELIGIBILITY,ALLOW,,,SBI_GENERAL,TW,SCOOTER,,,,,,COMP,RTO_CODE,TN39,TAMIL NADU,TN39,,,Doable RTO (allow-list),"PCV, MISD & TW",,"TW SCOOTER COMP doable RTOs- GJ-All, HP-All, KA-All, MH-All, NE-SAOD only, PY-SAOD only, RJ-All, UP Eastern-All, TN-(list)",0.85,PENDING,,,
SBI-TW-ELIG-TW3-173,SBI-TW-ELIG-TW3,ELIGIBILITY,ALLOW,,,SBI_GENERAL,TW,SCOOTER,,,,,,COMP,RTO_CODE,TN40,TAMIL NADU,TN40,,,Doable RTO (allow-list),"PCV, MISD & TW",,"TW SCOOTER COMP doable RTOs- GJ-All, HP-All, KA-All, MH-All, NE-SAOD only, PY-SAOD only, RJ-All, UP Eastern-All, TN-(list)",0.85,PENDING,,,
SBI-TW-ELIG-TW3-174,SBI-TW-ELIG-TW3,ELIGIBILITY,ALLOW,,,SBI_GENERAL,TW,SCOOTER,,,,,,COMP,RTO_CODE,TN41,TAMIL NADU,TN41,,,Doable RTO (allow-list),"PCV, MISD & TW",,"TW SCOOTER COMP doable RTOs- GJ-All, HP-All, KA-All, MH-All, NE-SAOD only, PY-SAOD only, RJ-All, UP Eastern-All, TN-(list)",0.85,PENDING,,,
SBI-TW-ELIG-TW3-175,SBI-TW-ELIG-TW3,ELIGIBILITY,ALLOW,,,SBI_GENERAL,TW,SCOOTER,,,,,,COMP,RTO_CODE,TN42,TAMIL NADU,TN42,,,Doable RTO (allow-list),"PCV, MISD & TW",,"TW SCOOTER COMP doable RTOs- GJ-All, HP-All, KA-All, MH-All, NE-SAOD only, PY-SAOD only, RJ-All, UP Eastern-All, TN-(list)",0.85,PENDING,,,
SBI-TW-ELIG-TW3-176,SBI-TW-ELIG-TW3,ELIGIBILITY,ALLOW,,,SBI_GENERAL,TW,SCOOTER,,,,,,COMP,RTO_CODE,TN43,TAMIL NADU,TN43,,,Doable RTO (allow-list),"PCV, MISD & TW",,"TW SCOOTER COMP doable RTOs- GJ-All, HP-All, KA-All, MH-All, NE-SAOD only, PY-SAOD only, RJ-All, UP Eastern-All, TN-(list)",0.85,PENDING,,,
SBI-TW-ELIG-TW3-177,SBI-TW-ELIG-TW3,ELIGIBILITY,ALLOW,,,SBI_GENERAL,TW,SCOOTER,,,,,,COMP,RTO_CODE,TN52,TAMIL NADU,TN52,,,Doable RTO (allow-list),"PCV, MISD & TW",,"TW SCOOTER COMP doable RTOs- GJ-All, HP-All, KA-All, MH-All, NE-SAOD only, PY-SAOD only, RJ-All, UP Eastern-All, TN-(list)",0.85,PENDING,,,
SBI-TW-ELIG-TW3-178,SBI-TW-ELIG-TW3,ELIGIBILITY,ALLOW,,,SBI_GENERAL,TW,SCOOTER,,,,,,COMP,RTO_CODE,TN56,TAMIL NADU,TN56,,,Doable RTO (allow-list),"PCV, MISD & TW",,"TW SCOOTER COMP doable RTOs- GJ-All, HP-All, KA-All, MH-All, NE-SAOD only, PY-SAOD only, RJ-All, UP Eastern-All, TN-(list)",0.85,PENDING,,,
SBI-TW-ELIG-TW3-179,SBI-TW-ELIG-TW3,ELIGIBILITY,ALLOW,,,SBI_GENERAL,TW,SCOOTER,,,,,,COMP,RTO_CODE,TN66,TAMIL NADU,TN66,,,Doable RTO (allow-list),"PCV, MISD & TW",,"TW SCOOTER COMP doable RTOs- GJ-All, HP-All, KA-All, MH-All, NE-SAOD only, PY-SAOD only, RJ-All, UP Eastern-All, TN-(list)",0.85,PENDING,,,
SBI-TW-ELIG-TW3-180,SBI-TW-ELIG-TW3,ELIGIBILITY,ALLOW,,,SBI_GENERAL,TW,SCOOTER,,,,,,COMP,RTO_CODE,TN70,TAMIL NADU,TN70,,,Doable RTO (allow-list),"PCV, MISD & TW",,"TW SCOOTER COMP doable RTOs- GJ-All, HP-All, KA-All, MH-All, NE-SAOD only, PY-SAOD only, RJ-All, UP Eastern-All, TN-(list)",0.85,PENDING,,,
SBI-TW-ELIG-TW3-181,SBI-TW-ELIG-TW3,ELIGIBILITY,ALLOW,,,SBI_GENERAL,TW,SCOOTER,,,,,,COMP,RTO_CODE,TN77,TAMIL NADU,TN77,,,Doable RTO (allow-list),"PCV, MISD & TW",,"TW SCOOTER COMP doable RTOs- GJ-All, HP-All, KA-All, MH-All, NE-SAOD only, PY-SAOD only, RJ-All, UP Eastern-All, TN-(list)",0.85,PENDING,,,
SBI-TW-ELIG-TW3-182,SBI-TW-ELIG-TW3,ELIGIBILITY,ALLOW,,,SBI_GENERAL,TW,SCOOTER,,,,,,COMP,RTO_CODE,TN78,TAMIL NADU,TN78,,,Doable RTO (allow-list),"PCV, MISD & TW",,"TW SCOOTER COMP doable RTOs- GJ-All, HP-All, KA-All, MH-All, NE-SAOD only, PY-SAOD only, RJ-All, UP Eastern-All, TN-(list)",0.85,PENDING,,,
SBI-TW-ELIG-TW3-183,SBI-TW-ELIG-TW3,ELIGIBILITY,ALLOW,,,SBI_GENERAL,TW,SCOOTER,,,,,,COMP,RTO_CODE,TN86,TAMIL NADU,TN86,,,Doable RTO (allow-list),"PCV, MISD & TW",,"TW SCOOTER COMP doable RTOs- GJ-All, HP-All, KA-All, MH-All, NE-SAOD only, PY-SAOD only, RJ-All, UP Eastern-All, TN-(list)",0.85,PENDING,,,
SBI-TW-ELIG-TW3-184,SBI-TW-ELIG-TW3,ELIGIBILITY,ALLOW,,,SBI_GENERAL,TW,SCOOTER,,,,,,COMP,RTO_CODE,TN93,TAMIL NADU,TN93,,,Doable RTO (allow-list),"PCV, MISD & TW",,"TW SCOOTER COMP doable RTOs- GJ-All, HP-All, KA-All, MH-All, NE-SAOD only, PY-SAOD only, RJ-All, UP Eastern-All, TN-(list)",0.85,PENDING,,,
SBI-TW-ELIG-TW3-185,SBI-TW-ELIG-TW3,ELIGIBILITY,ALLOW,,,SBI_GENERAL,TW,SCOOTER,,,,,,COMP,RTO_CODE,TN94,TAMIL NADU,TN94,,,Doable RTO (allow-list),"PCV, MISD & TW",,"TW SCOOTER COMP doable RTOs- GJ-All, HP-All, KA-All, MH-All, NE-SAOD only, PY-SAOD only, RJ-All, UP Eastern-All, TN-(list)",0.85,PENDING,,,
SBI-TW-ELIG-TW3-186,SBI-TW-ELIG-TW3,ELIGIBILITY,ALLOW,,,SBI_GENERAL,TW,SCOOTER,,,,,,COMP,RTO_CODE,TN99,TAMIL NADU,TN99,,,Doable RTO (allow-list),"PCV, MISD & TW",,"TW SCOOTER COMP doable RTOs- GJ-All, HP-All, KA-All, MH-All, NE-SAOD only, PY-SAOD only, RJ-All, UP Eastern-All, TN-(list)",0.85,PENDING,,,
SBI-TW-ELIG-TW3-187,SBI-TW-ELIG-TW3,ELIGIBILITY,DECLINE_DEFAULT,,,SBI_GENERAL,TW,SCOOTER,,,,,,COMP,ELSEWHERE,* (not in allow-list),,,,,Scooter COMP doable only in listed geos (NE/PY = SAOD only),"PCV, MISD & TW",,"TW SCOOTER COMP doable RTOs- GJ-All, HP-All, KA-All, MH-All, NE-SAOD only, PY-SAOD only, RJ-All, UP Eastern-All, TN-(list)",0.85,PENDING,,,
SBI-TW-ELIG-TW4-188,SBI-TW-ELIG-TW4,ELIGIBILITY,ALLOW,,,SBI_GENERAL,TW,BIKE,,,,,,COMP,STATE_OR_CITY,MAHARASHTRA,MAHARASHTRA,,,,Doable geo (allow-list),"PCV, MISD & TW",,"TW BIKE COMP doable RTOs- GJ-(list), MH-All, NE SAOD only, PY SAOD only, UP Eastern-All, TN SAOD only-(list)",0.8,PENDING,,,
SBI-TW-ELIG-TW4-189,SBI-TW-ELIG-TW4,ELIGIBILITY,ALLOW,,,SBI_GENERAL,TW,BIKE,,,,,,COMP,REGION,UTTAR PRADESH (Eastern),UTTAR PRADESH,,,,Doable geo (allow-list),"PCV, MISD & TW",,"TW BIKE COMP doable RTOs- GJ-(list), MH-All, NE SAOD only, PY SAOD only, UP Eastern-All, TN SAOD only-(list)",0.8,PENDING,,,
SBI-TW-ELIG-TW4-190,SBI-TW-ELIG-TW4,ELIGIBILITY,ALLOW,,,SBI_GENERAL,TW,BIKE,,,,,,COMP,RTO_CODE,GJ01,GUJARAT,GJ01,,,Doable RTO (allow-list),"PCV, MISD & TW",,"TW BIKE COMP doable RTOs- GJ-(list), MH-All, NE SAOD only, PY SAOD only, UP Eastern-All, TN SAOD only-(list)",0.8,PENDING,,,
SBI-TW-ELIG-TW4-191,SBI-TW-ELIG-TW4,ELIGIBILITY,ALLOW,,,SBI_GENERAL,TW,BIKE,,,,,,COMP,RTO_CODE,GJ04,GUJARAT,GJ04,,,Doable RTO (allow-list),"PCV, MISD & TW",,"TW BIKE COMP doable RTOs- GJ-(list), MH-All, NE SAOD only, PY SAOD only, UP Eastern-All, TN SAOD only-(list)",0.8,PENDING,,,
SBI-TW-ELIG-TW4-192,SBI-TW-ELIG-TW4,ELIGIBILITY,ALLOW,,,SBI_GENERAL,TW,BIKE,,,,,,COMP,RTO_CODE,GJ05,GUJARAT,GJ05,,,Doable RTO (allow-list),"PCV, MISD & TW",,"TW BIKE COMP doable RTOs- GJ-(list), MH-All, NE SAOD only, PY SAOD only, UP Eastern-All, TN SAOD only-(list)",0.8,PENDING,,,
SBI-TW-ELIG-TW4-193,SBI-TW-ELIG-TW4,ELIGIBILITY,ALLOW,,,SBI_GENERAL,TW,BIKE,,,,,,COMP,RTO_CODE,GJ06,GUJARAT,GJ06,,,Doable RTO (allow-list),"PCV, MISD & TW",,"TW BIKE COMP doable RTOs- GJ-(list), MH-All, NE SAOD only, PY SAOD only, UP Eastern-All, TN SAOD only-(list)",0.8,PENDING,,,
SBI-TW-ELIG-TW4-194,SBI-TW-ELIG-TW4,ELIGIBILITY,ALLOW,,,SBI_GENERAL,TW,BIKE,,,,,,COMP,RTO_CODE,GJ18,GUJARAT,GJ18,,,Doable RTO (allow-list),"PCV, MISD & TW",,"TW BIKE COMP doable RTOs- GJ-(list), MH-All, NE SAOD only, PY SAOD only, UP Eastern-All, TN SAOD only-(list)",0.8,PENDING,,,
SBI-TW-ELIG-TW4-195,SBI-TW-ELIG-TW4,ELIGIBILITY,ALLOW,,,SBI_GENERAL,TW,BIKE,,,,,,COMP,RTO_CODE,GJ27,GUJARAT,GJ27,,,Doable RTO (allow-list),"PCV, MISD & TW",,"TW BIKE COMP doable RTOs- GJ-(list), MH-All, NE SAOD only, PY SAOD only, UP Eastern-All, TN SAOD only-(list)",0.8,PENDING,,,
SBI-TW-ELIG-TW4-196,SBI-TW-ELIG-TW4,ELIGIBILITY,ALLOW,,,SBI_GENERAL,TW,BIKE,,,,,,COMP,RTO_CODE,GJ28,GUJARAT,GJ28,,,Doable RTO (allow-list),"PCV, MISD & TW",,"TW BIKE COMP doable RTOs- GJ-(list), MH-All, NE SAOD only, PY SAOD only, UP Eastern-All, TN SAOD only-(list)",0.8,PENDING,,,
SBI-TW-ELIG-TW4-197,SBI-TW-ELIG-TW4,ELIGIBILITY,ALLOW,,,SBI_GENERAL,TW,BIKE,,,,,,COMP,RTO_CODE,GJ29,GUJARAT,GJ29,,,Doable RTO (allow-list),"PCV, MISD & TW",,"TW BIKE COMP doable RTOs- GJ-(list), MH-All, NE SAOD only, PY SAOD only, UP Eastern-All, TN SAOD only-(list)",0.8,PENDING,,,
SBI-TW-ELIG-TW4-198,SBI-TW-ELIG-TW4,ELIGIBILITY,DECLINE_DEFAULT,,,SBI_GENERAL,TW,BIKE,,,,,,COMP,ELSEWHERE,* (not in allow-list),,,,,Bike COMP doable only in listed geos (NE/PY & TN = SAOD only),"PCV, MISD & TW",,"TW BIKE COMP doable RTOs- GJ-(list), MH-All, NE SAOD only, PY SAOD only, UP Eastern-All, TN SAOD only-(list)",0.8,PENDING,,,
SBI-GEN-ELIG-G2-COMP-199,SBI-GEN-ELIG-G2-COMP,ELIGIBILITY,DECLINE,,,SBI_GENERAL,TW,,,,,,,COMP,PAN_INDIA,PAN_INDIA,,,20,,COMP sourcing allowed only up to 20 years vehicle age,,,For Comprehensive sourcing is allowed upto 20 year of Vehicle age,0.9,PENDING,,,
SBI-GEN-ELIG-G2-SATP-200,SBI-GEN-ELIG-G2-SATP,ELIGIBILITY,DECLINE,,,SBI_GENERAL,TW,,,,,,,SATP,PAN_INDIA,PAN_INDIA,,,25,,SATP sourcing allowed only up to 25 years vehicle age,,,For SATP sourcing is allowed upto 25 years of age of vehicle,0.9,PENDING,,,
